target,selector,representation,k,accuracy,accuracy_macro_over_tissues,n
GTEx,standard,zscore,20,0.6676056338028169,0.6754786620530565,2485
GTEx,standard,zscore,50,0.7879275653923541,0.7924336793540946,2485
GTEx,standard,rank,20,0.3291750503018109,0.34567474048442903,2485
GTEx,standard,rank,50,0.5734406438631791,0.5777162629757785,2485
GTEx,standard,pairs,20,0.2973843058350101,0.3140945790080738,2485
GTEx,standard,pairs,50,0.6221327967806841,0.6239677047289504,2485
GTEx,transfer_aware,zscore,20,0.6482897384305835,0.6557554786620531,2485
GTEx,transfer_aware,zscore,50,0.7501006036217304,0.7555709342560554,2485
GTEx,transfer_aware,rank,20,0.47203219315895373,0.48399077277970015,2485
GTEx,transfer_aware,rank,50,0.5319919517102616,0.542722029988466,2485
GTEx,transfer_aware,pairs,20,0.47484909456740443,0.48763552479815453,2485
GTEx,transfer_aware,pairs,50,0.5734406438631791,0.5840138408304498,2485
