conformal,method,alpha,coverage,avg_set_size,frac_empty
floored,aps,0.05,0.9966542520173804,3.1969211669770328,0.0
floored,aps,0.1,0.9966542520173804,1.1057045313469893,0.0
floored,aps,0.2,0.9944320297951583,1.0222408441961515,0.0
floored,lac,0.05,0.9877653631284916,2.96772191185599,0.0
floored,lac,0.1,0.9699813780260709,0.9722160148975793,0.02778398510242086
floored,lac,0.2,0.936623215394165,0.9388578522656734,0.0611421477343265
marginal,aps,0.05,0.9966542520173804,1.153544382371198,0.0
marginal,aps,0.1,0.9966542520173804,1.0678895096213532,0.0
marginal,aps,0.2,0.9944320297951583,1.0144444444444445,0.0
marginal,lac,0.05,0.9577591558038485,0.9622160148975791,0.037783985102420856
marginal,lac,0.1,0.9076846679081315,0.9099193047796399,0.09008069522036002
marginal,lac,0.2,0.8031222842954687,0.8042396027312229,0.19576039726877717
mondrian,aps,0.05,0.9966542520173804,3.1312414649286158,0.0
mondrian,aps,0.1,0.9966542520173804,1.0700558659217878,0.0
mondrian,aps,0.2,0.9933209186840471,1.0155741775294849,0.0
mondrian,lac,0.05,0.9655183116076971,2.9432526381129733,0.0
mondrian,lac,0.1,0.918826815642458,0.9210614525139664,0.07893854748603352
mondrian,lac,0.2,0.8431905648665425,0.845425201738051,0.15457479826194911
