assay,variable,n_levels
TRNSCRPT,GET_site,2
TRNSCRPT,RNA_extr_plate_ID,17
TRNSCRPT,RNA_extr_date,17
TRNSCRPT,Lib_prep_date,18
TRNSCRPT,Lib_batch_ID,17
TRNSCRPT,Seq_date,4
TRNSCRPT,Seq_flowcell_ID,4
TRNSCRPT,Seq_flowcell_lane,2
TRNSCRPT,Seq_batch,4
METHYL,GET_site,1
METHYL,DNA_extr_plate_ID,8
METHYL,DNA_extr_date,8
METHYL,Lib_prep_date,8
METHYL,Lib_batch_ID,8
METHYL,Seq_date,2
METHYL,Seq_flowcell_ID,3
METHYL,Seq_flowcell_lane,5
METHYL,Seq_batch,3
ATAC,GET_site,2
ATAC,Sample_batch,7
ATAC,Nuclei_extr_date,25
ATAC,Tagmentation_date,33
ATAC,PCR_date,31
ATAC,Seq_date,8
ATAC,Seq_flowcell_ID,10
ATAC,Seq_flowcell_lane,3
ATAC,Seq_batch,10
PROT,plex_id,42
PROT,tmt11_channel,10
PHOSPHO,plex_id,42
PHOSPHO,tmt11_channel,10
ACETYL,plex_id,12
ACETYL,tmt11_channel,9
UBIQ,plex_id,12
UBIQ,tmt11_channel,10
IMMUNO,plate_id,20
IMMUNO,panel_name,6
