tissue,feature_set,model,n_animals,n_features,n_numeric,n_categorical,auroc_mean,auroc_sd,n_folds,null_p95_auroc,p_perm
CORTEX,pheno_collection,logreg,20,25,23,2,0.5,0.0,4,0.7090277777777778,0.24752475247524752
CORTEX,pheno_collection,rf,20,25,23,2,0.28125,0.14841465467473966,4,,
CORTEX,trnscrpt_library,logreg,20,9,9,0,0.6145833333333333,0.21117848888243015,4,0.7795138888888888,0.3069306930693069
CORTEX,trnscrpt_library,rf,20,9,9,0,0.4479166666666667,0.27540216805004764,4,,
CORTEX,trnscrpt_depth,logreg,20,9,9,0,0.4583333333333333,0.07216878364870323,4,0.7930555555555555,0.5841584158415841
CORTEX,trnscrpt_depth,rf,20,9,9,0,0.7395833333333333,0.2800902012447657,4,,
CORTEX,trnscrpt_qc,logreg,20,27,27,0,0.35416666666666663,0.09081039465709737,4,0.757986111111111,0.6336633663366337
CORTEX,trnscrpt_qc,rf,20,27,27,0,0.35416666666666663,0.14877975892797604,4,,
CORTEX,prot_plex_channel,logreg,20,2,0,2,0.09375,0.16237976320958225,4,0.8603819444444444,0.9702970297029703
CORTEX,prot_plex_channel,rf,20,2,0,2,0.09375,0.16237976320958225,4,,
CORTEX,all_batch_covariates,logreg,20,72,68,4,0.4375,0.2724311839712921,4,0.8480902777777778,0.5544554455445545
CORTEX,all_batch_covariates,rf,20,72,68,4,0.3802083333333333,0.13041650026613452,4,,
HEART,pheno_collection,logreg,20,25,23,2,0.46875,0.26249173267404485,4,0.75,0.36633663366336633
HEART,pheno_collection,rf,20,25,23,2,0.23958333333333331,0.19179117332835385,4,,
HEART,trnscrpt_library,logreg,20,9,9,0,0.5,0.3118047822311618,4,0.7520833333333332,0.48514851485148514
HEART,trnscrpt_library,rf,20,9,9,0,0.6145833333333333,0.29664647637287794,4,,
HEART,trnscrpt_depth,logreg,20,9,9,0,0.9583333333333333,0.07216878364870326,4,0.79375,0.009900990099009901
HEART,trnscrpt_depth,rf,20,9,9,0,0.875,0.13819269959814168,4,,
HEART,trnscrpt_qc,logreg,20,27,27,0,0.7604166666666666,0.19179117332835385,4,0.6677083333333333,0.0297029702970297
HEART,trnscrpt_qc,rf,20,27,27,0,0.7916666666666666,0.21650635094610965,4,,
HEART,prot_plex_channel,logreg,20,2,0,2,0.28125,0.14841465467473966,4,0.861111111111111,0.8415841584158416
HEART,prot_plex_channel,rf,20,2,0,2,0.3125,0.12325166214790867,4,,
HEART,all_batch_covariates,logreg,20,72,68,4,0.875,0.13819269959814168,4,0.7849074074074073,0.0297029702970297
HEART,all_batch_covariates,rf,20,72,68,4,0.875,0.13819269959814168,4,,
KIDNEY,pheno_collection,logreg,20,25,23,2,0.65625,0.2049199538844375,4,0.6994791666666667,0.09900990099009901
KIDNEY,pheno_collection,rf,20,25,23,2,0.23958333333333331,0.15131082339931198,4,,
KIDNEY,trnscrpt_library,logreg,20,9,9,0,0.8854166666666666,0.13621559198564606,4,0.7822916666666666,0.019801980198019802
KIDNEY,trnscrpt_library,rf,20,9,9,0,0.7604166666666666,0.3465792658252943,4,,
KIDNEY,trnscrpt_depth,logreg,20,9,9,0,0.7708333333333333,0.18042195912175804,4,0.7916666666666666,0.09900990099009901
KIDNEY,trnscrpt_depth,rf,20,9,9,0,0.6875,0.409839907768875,4,,
KIDNEY,trnscrpt_qc,logreg,20,27,27,0,0.6666666666666666,0.2041241452319315,4,0.78375,0.1485148514851485
KIDNEY,trnscrpt_qc,rf,20,27,27,0,0.6875,0.2072890493972125,4,,
KIDNEY,prot_plex_channel,logreg,20,2,0,2,0.10416666666666666,0.10825317547305482,4,0.8894965277777777,0.9801980198019802
KIDNEY,prot_plex_channel,rf,20,2,0,2,0.11458333333333333,0.13621559198564606,4,,
KIDNEY,all_batch_covariates,logreg,20,72,68,4,0.7916666666666666,0.21650635094610965,4,0.813125,0.0891089108910891
KIDNEY,all_batch_covariates,rf,20,72,68,4,0.6458333333333333,0.2072890493972125,4,,
LIVER,pheno_collection,logreg,20,26,23,3,0.5729166666666667,0.2706329386826371,4,0.7989583333333333,0.2376237623762376
LIVER,pheno_collection,rf,20,26,23,3,0.23958333333333331,0.19179117332835385,4,,
LIVER,trnscrpt_library,logreg,20,9,9,0,0.21875,0.08001193487363133,4,,0.8712871287128713
LIVER,trnscrpt_library,rf,20,9,9,0,0.3333333333333333,0.2041241452319315,4,,
LIVER,trnscrpt_depth,logreg,20,9,9,0,0.44791666666666663,0.15415258944738272,4,0.7922916666666667,0.48514851485148514
LIVER,trnscrpt_depth,rf,20,9,9,0,0.6770833333333333,0.2800902012447657,4,,
LIVER,trnscrpt_qc,logreg,20,27,27,0,0.5416666666666667,0.2975595178559521,4,0.7088541666666667,0.2376237623762376
LIVER,trnscrpt_qc,rf,20,27,27,0,0.6979166666666666,0.184877493221863,4,,
LIVER,prot_plex_channel,logreg,20,2,0,2,0.28125,0.14841465467473966,4,0.7916666666666666,0.8613861386138614
LIVER,prot_plex_channel,rf,20,2,0,2,0.3125,0.12325166214790867,4,,
LIVER,all_batch_covariates,logreg,20,73,68,5,0.4791666666666667,0.409839907768875,4,0.7916666666666666,0.43564356435643564
LIVER,all_batch_covariates,rf,20,73,68,5,0.5520833333333333,0.15415258944738275,4,,
LUNG,pheno_collection,logreg,20,25,23,2,0.5625,0.10825317547305482,4,0.8338541666666667,0.3069306930693069
LUNG,pheno_collection,rf,20,25,23,2,0.28125,0.14841465467473966,4,,
LUNG,trnscrpt_library,logreg,20,8,8,0,0.26041666666666663,0.2289298018316241,4,0.8020833333333333,0.801980198019802
LUNG,trnscrpt_library,rf,20,8,8,0,0.35416666666666663,0.2909216675785196,4,,
LUNG,trnscrpt_depth,logreg,20,9,9,0,0.6666666666666666,0.26352313834736496,4,0.7790972222222221,0.2376237623762376
LUNG,trnscrpt_depth,rf,20,9,9,0,0.59375,0.15694290805541006,4,,
LUNG,trnscrpt_qc,logreg,20,26,26,0,0.49999999999999994,0.11785113019775792,4,0.7777777777777777,0.504950495049505
LUNG,trnscrpt_qc,rf,20,26,26,0,0.43229166666666663,0.10139542882256139,4,,
LUNG,prot_plex_channel,logreg,20,2,0,2,0.2708333333333333,0.3083051788947655,4,0.8756944444444444,0.8613861386138614
LUNG,prot_plex_channel,rf,20,2,0,2,0.2708333333333333,0.3083051788947655,4,,
LUNG,all_batch_covariates,logreg,20,70,66,4,0.49999999999999994,0.11785113019775792,4,0.7682638888888887,0.38613861386138615
LUNG,all_batch_covariates,rf,20,70,66,4,0.3125,0.12325166214790867,4,,
SKM-GN,pheno_collection,logreg,20,25,23,2,0.5104166666666667,0.2506501961565826,4,0.7291666666666667,0.40594059405940597
SKM-GN,pheno_collection,rf,20,25,23,2,0.19791666666666666,0.18487749322186303,4,,
SKM-GN,trnscrpt_library,logreg,20,10,10,0,0.7291666666666666,0.18042195912175804,4,0.7817708333333333,0.09900990099009901
SKM-GN,trnscrpt_library,rf,20,10,10,0,0.3958333333333333,0.2724311839712921,4,,
SKM-GN,trnscrpt_depth,logreg,20,9,9,0,0.6770833333333333,0.39569624819213706,4,0.8333333333333334,0.1782178217821782
SKM-GN,trnscrpt_depth,rf,20,9,9,0,0.9166666666666666,0.14433756729740646,4,,
SKM-GN,trnscrpt_qc,logreg,20,26,26,0,0.9583333333333333,0.07216878364870326,4,0.8055555555555556,0.009900990099009901
SKM-GN,trnscrpt_qc,rf,20,26,26,0,0.9583333333333333,0.07216878364870326,4,,
SKM-GN,prot_plex_channel,logreg,20,2,0,2,0.28125,0.28470104934825935,4,0.889236111111111,0.8712871287128713
SKM-GN,prot_plex_channel,rf,20,2,0,2,0.25,0.25,4,,
SKM-GN,all_batch_covariates,logreg,20,72,68,4,0.9583333333333333,0.07216878364870326,4,0.8333333333333333,0.009900990099009901
SKM-GN,all_batch_covariates,rf,20,72,68,4,1.0,0.0,4,,
WAT-SC,pheno_collection,logreg,20,25,23,2,0.5416666666666667,0.2975595178559521,4,0.75,0.2376237623762376
WAT-SC,pheno_collection,rf,20,25,23,2,0.19791666666666666,0.18487749322186303,4,,
WAT-SC,trnscrpt_library,logreg,20,9,9,0,0.59375,0.20063916962768982,4,0.7449652777777777,0.18811881188118812
WAT-SC,trnscrpt_library,rf,20,9,9,0,0.4895833333333333,0.240035804620894,4,,
WAT-SC,trnscrpt_depth,logreg,20,9,9,0,0.6979166666666666,0.184877493221863,4,0.7368055555555556,0.09900990099009901
WAT-SC,trnscrpt_depth,rf,20,9,9,0,0.78125,0.22316963839196408,4,,
WAT-SC,trnscrpt_qc,logreg,20,27,27,0,0.6354166666666666,0.09021097956087902,4,0.7229166666666667,0.10891089108910891
WAT-SC,trnscrpt_qc,rf,20,27,27,0,0.2708333333333333,0.18042195912175804,4,,
WAT-SC,prot_plex_channel,logreg,20,2,0,2,0.46875,0.22316963839196408,4,0.8916666666666666,0.6732673267326733
WAT-SC,prot_plex_channel,rf,20,2,0,2,0.44791666666666663,0.19846415503393383,4,,
WAT-SC,all_batch_covariates,logreg,20,72,68,4,0.53125,0.05412658773652741,4,0.8333333333333333,0.40594059405940597
WAT-SC,all_batch_covariates,rf,20,72,68,4,0.41666666666666663,0.08333333333333334,4,,
