target,selector,representation,k,organ,n,accuracy,top_prediction
GTEx,standard,zscore,20,Adipose - Subcutaneous,150,0.46,WAT-SC
GTEx,standard,zscore,20,Adrenal Gland,150,0.74,ADRNL
GTEx,standard,zscore,20,Artery - Aorta,150,0.37333333333333335,HEART
GTEx,standard,zscore,20,Brain - Cortex,150,0.9066666666666666,CORTEX
GTEx,standard,zscore,20,Brain - Hippocampus,150,0.72,HIPPOC
GTEx,standard,zscore,20,Brain - Hypothalamus,150,0.8933333333333333,HYPOTH
GTEx,standard,zscore,20,Colon - Transverse,150,0.56,COLON
GTEx,standard,zscore,20,Heart - Left Ventricle,150,0.05333333333333334,SKM-GN
GTEx,standard,zscore,20,Kidney - Cortex,85,0.9764705882352941,KIDNEY
GTEx,standard,zscore,20,Liver,150,0.9066666666666666,LIVER
GTEx,standard,zscore,20,Lung,150,0.9,LUNG
GTEx,standard,zscore,20,Muscle - Skeletal,150,0.9933333333333333,SKM-GN
GTEx,standard,zscore,20,Ovary,150,0.0,HEART
GTEx,standard,zscore,20,Small Intestine - Terminal Ileum,150,0.8066666666666666,SMLINT
GTEx,standard,zscore,20,Spleen,150,0.9933333333333333,SPLEEN
GTEx,standard,zscore,20,Testis,150,0.29333333333333333,VENACV
GTEx,standard,zscore,20,Whole Blood,150,0.9066666666666666,BLOOD
GTEx,standard,zscore,50,Adipose - Subcutaneous,150,0.06,BAT
GTEx,standard,zscore,50,Adrenal Gland,150,0.96,ADRNL
GTEx,standard,zscore,50,Artery - Aorta,150,0.76,VENACV
GTEx,standard,zscore,50,Brain - Cortex,150,0.98,CORTEX
GTEx,standard,zscore,50,Brain - Hippocampus,150,0.94,HIPPOC
GTEx,standard,zscore,50,Brain - Hypothalamus,150,0.9533333333333334,HYPOTH
GTEx,standard,zscore,50,Colon - Transverse,150,0.7466666666666667,COLON
GTEx,standard,zscore,50,Heart - Left Ventricle,150,0.8,HEART
GTEx,standard,zscore,50,Kidney - Cortex,85,0.9647058823529412,KIDNEY
GTEx,standard,zscore,50,Liver,150,0.9733333333333334,LIVER
GTEx,standard,zscore,50,Lung,150,0.9933333333333333,LUNG
GTEx,standard,zscore,50,Muscle - Skeletal,150,1.0,SKM-GN
GTEx,standard,zscore,50,Ovary,150,0.0,VENACV
GTEx,standard,zscore,50,Small Intestine - Terminal Ileum,150,0.8533333333333334,SMLINT
GTEx,standard,zscore,50,Spleen,150,0.9933333333333333,SPLEEN
GTEx,standard,zscore,50,Testis,150,0.49333333333333335,TESTES
GTEx,standard,zscore,50,Whole Blood,150,1.0,BLOOD
GTEx,standard,rank,20,Adipose - Subcutaneous,150,0.4266666666666667,OVARY
GTEx,standard,rank,20,Adrenal Gland,150,0.0,OVARY
GTEx,standard,rank,20,Artery - Aorta,150,0.0,OVARY
GTEx,standard,rank,20,Brain - Cortex,150,0.06,OVARY
GTEx,standard,rank,20,Brain - Hippocampus,150,0.32,OVARY
GTEx,standard,rank,20,Brain - Hypothalamus,150,0.02,OVARY
GTEx,standard,rank,20,Colon - Transverse,150,0.05333333333333334,OVARY
GTEx,standard,rank,20,Heart - Left Ventricle,150,0.0,OVARY
GTEx,standard,rank,20,Kidney - Cortex,85,0.9764705882352941,KIDNEY
GTEx,standard,rank,20,Liver,150,0.9666666666666667,LIVER
GTEx,standard,rank,20,Lung,150,0.5933333333333334,LUNG
GTEx,standard,rank,20,Muscle - Skeletal,150,0.9466666666666667,SKM-GN
GTEx,standard,rank,20,Ovary,150,0.9133333333333333,OVARY
GTEx,standard,rank,20,Small Intestine - Terminal Ileum,150,0.5266666666666666,SMLINT
GTEx,standard,rank,20,Spleen,150,0.06666666666666667,SMLINT
GTEx,standard,rank,20,Testis,150,0.0,HIPPOC
GTEx,standard,rank,20,Whole Blood,150,0.006666666666666667,SKM-GN
GTEx,standard,rank,50,Adipose - Subcutaneous,150,0.0,OVARY
GTEx,standard,rank,50,Adrenal Gland,150,0.1,OVARY
GTEx,standard,rank,50,Artery - Aorta,150,0.006666666666666667,OVARY
GTEx,standard,rank,50,Brain - Cortex,150,0.8466666666666667,CORTEX
GTEx,standard,rank,50,Brain - Hippocampus,150,0.37333333333333335,CORTEX
GTEx,standard,rank,50,Brain - Hypothalamus,150,0.3333333333333333,CORTEX
GTEx,standard,rank,50,Colon - Transverse,150,0.6933333333333334,COLON
GTEx,standard,rank,50,Heart - Left Ventricle,150,0.3466666666666667,OVARY
GTEx,standard,rank,50,Kidney - Cortex,85,0.7411764705882353,KIDNEY
GTEx,standard,rank,50,Liver,150,1.0,LIVER
GTEx,standard,rank,50,Lung,150,0.98,LUNG
GTEx,standard,rank,50,Muscle - Skeletal,150,1.0,SKM-GN
GTEx,standard,rank,50,Ovary,150,0.8066666666666666,OVARY
GTEx,standard,rank,50,Small Intestine - Terminal Ileum,150,0.7933333333333333,SMLINT
GTEx,standard,rank,50,Spleen,150,0.20666666666666667,BLOOD
GTEx,standard,rank,50,Testis,150,0.7266666666666667,TESTES
GTEx,standard,rank,50,Whole Blood,150,0.8666666666666667,BLOOD
GTEx,standard,pairs,20,Adipose - Subcutaneous,150,0.09333333333333334,OVARY
GTEx,standard,pairs,20,Adrenal Gland,150,0.0,OVARY
GTEx,standard,pairs,20,Artery - Aorta,150,0.0,OVARY
GTEx,standard,pairs,20,Brain - Cortex,150,0.02,OVARY
GTEx,standard,pairs,20,Brain - Hippocampus,150,0.22666666666666666,OVARY
GTEx,standard,pairs,20,Brain - Hypothalamus,150,0.04666666666666667,OVARY
GTEx,standard,pairs,20,Colon - Transverse,150,0.08666666666666667,OVARY
GTEx,standard,pairs,20,Heart - Left Ventricle,150,0.0,OVARY
GTEx,standard,pairs,20,Kidney - Cortex,85,0.9529411764705882,KIDNEY
GTEx,standard,pairs,20,Liver,150,0.9466666666666667,LIVER
GTEx,standard,pairs,20,Lung,150,0.8,LUNG
GTEx,standard,pairs,20,Muscle - Skeletal,150,0.5066666666666667,OVARY
GTEx,standard,pairs,20,Ovary,150,0.86,OVARY
GTEx,standard,pairs,20,Small Intestine - Terminal Ileum,150,0.7133333333333334,SMLINT
GTEx,standard,pairs,20,Spleen,150,0.05333333333333334,SMLINT
GTEx,standard,pairs,20,Testis,150,0.013333333333333334,OVARY
GTEx,standard,pairs,20,Whole Blood,150,0.02,SKM-VL
GTEx,standard,pairs,50,Adipose - Subcutaneous,150,0.0,VENACV
GTEx,standard,pairs,50,Adrenal Gland,150,0.05333333333333334,VENACV
GTEx,standard,pairs,50,Artery - Aorta,150,0.09333333333333334,OVARY
GTEx,standard,pairs,50,Brain - Cortex,150,0.9666666666666667,CORTEX
GTEx,standard,pairs,50,Brain - Hippocampus,150,0.9,HIPPOC
GTEx,standard,pairs,50,Brain - Hypothalamus,150,0.8533333333333334,HYPOTH
GTEx,standard,pairs,50,Colon - Transverse,150,0.7933333333333333,COLON
GTEx,standard,pairs,50,Heart - Left Ventricle,150,0.17333333333333334,SKM-GN
GTEx,standard,pairs,50,Kidney - Cortex,85,0.6941176470588235,KIDNEY
GTEx,standard,pairs,50,Liver,150,1.0,LIVER
GTEx,standard,pairs,50,Lung,150,0.9733333333333334,LUNG
GTEx,standard,pairs,50,Muscle - Skeletal,150,1.0,SKM-GN
GTEx,standard,pairs,50,Ovary,150,0.36666666666666664,OVARY
GTEx,standard,pairs,50,Small Intestine - Terminal Ileum,150,0.7466666666666667,SMLINT
GTEx,standard,pairs,50,Spleen,150,0.5933333333333334,SPLEEN
GTEx,standard,pairs,50,Testis,150,0.6466666666666666,TESTES
GTEx,standard,pairs,50,Whole Blood,150,0.7533333333333333,BLOOD
GTEx,transfer_aware,zscore,20,Adipose - Subcutaneous,150,0.2866666666666667,VENACV
GTEx,transfer_aware,zscore,20,Adrenal Gland,150,0.22666666666666666,OVARY
GTEx,transfer_aware,zscore,20,Artery - Aorta,150,0.02666666666666667,ADRNL
GTEx,transfer_aware,zscore,20,Brain - Cortex,150,0.88,CORTEX
GTEx,transfer_aware,zscore,20,Brain - Hippocampus,150,0.6466666666666666,HIPPOC
GTEx,transfer_aware,zscore,20,Brain - Hypothalamus,150,0.8866666666666667,HYPOTH
GTEx,transfer_aware,zscore,20,Colon - Transverse,150,0.47333333333333333,COLON
GTEx,transfer_aware,zscore,20,Heart - Left Ventricle,150,0.38666666666666666,HEART
GTEx,transfer_aware,zscore,20,Kidney - Cortex,85,0.9411764705882353,KIDNEY
GTEx,transfer_aware,zscore,20,Liver,150,0.9066666666666666,LIVER
GTEx,transfer_aware,zscore,20,Lung,150,0.9466666666666667,LUNG
GTEx,transfer_aware,zscore,20,Muscle - Skeletal,150,0.68,SKM-VL
GTEx,transfer_aware,zscore,20,Ovary,150,0.26,ADRNL
GTEx,transfer_aware,zscore,20,Small Intestine - Terminal Ileum,150,0.7933333333333333,SMLINT
GTEx,transfer_aware,zscore,20,Spleen,150,0.9266666666666666,SPLEEN
GTEx,transfer_aware,zscore,20,Testis,150,0.9,TESTES
GTEx,transfer_aware,zscore,20,Whole Blood,150,0.98,BLOOD
GTEx,transfer_aware,zscore,50,Adipose - Subcutaneous,150,0.3466666666666667,VENACV
GTEx,transfer_aware,zscore,50,Adrenal Gland,150,0.9333333333333333,ADRNL
GTEx,transfer_aware,zscore,50,Artery - Aorta,150,0.0,ADRNL
GTEx,transfer_aware,zscore,50,Brain - Cortex,150,0.9933333333333333,CORTEX
GTEx,transfer_aware,zscore,50,Brain - Hippocampus,150,0.8933333333333333,HIPPOC
GTEx,transfer_aware,zscore,50,Brain - Hypothalamus,150,0.9266666666666666,HYPOTH
GTEx,transfer_aware,zscore,50,Colon - Transverse,150,0.41333333333333333,COLON
GTEx,transfer_aware,zscore,50,Heart - Left Ventricle,150,0.7866666666666666,HEART
GTEx,transfer_aware,zscore,50,Kidney - Cortex,85,0.9647058823529412,KIDNEY
GTEx,transfer_aware,zscore,50,Liver,150,0.9866666666666667,LIVER
GTEx,transfer_aware,zscore,50,Lung,150,0.9666666666666667,LUNG
GTEx,transfer_aware,zscore,50,Muscle - Skeletal,150,0.9733333333333334,SKM-GN
GTEx,transfer_aware,zscore,50,Ovary,150,0.0,ADRNL
GTEx,transfer_aware,zscore,50,Small Intestine - Terminal Ileum,150,0.8533333333333334,SMLINT
GTEx,transfer_aware,zscore,50,Spleen,150,0.8866666666666667,SPLEEN
GTEx,transfer_aware,zscore,50,Testis,150,0.9266666666666666,TESTES
GTEx,transfer_aware,zscore,50,Whole Blood,150,0.9933333333333333,BLOOD
GTEx,transfer_aware,rank,20,Adipose - Subcutaneous,150,0.006666666666666667,VENACV
GTEx,transfer_aware,rank,20,Adrenal Gland,150,0.0,OVARY
GTEx,transfer_aware,rank,20,Artery - Aorta,150,0.7533333333333333,VENACV
GTEx,transfer_aware,rank,20,Brain - Cortex,150,0.6866666666666666,CORTEX
GTEx,transfer_aware,rank,20,Brain - Hippocampus,150,0.88,HIPPOC
GTEx,transfer_aware,rank,20,Brain - Hypothalamus,150,0.5666666666666667,HYPOTH
GTEx,transfer_aware,rank,20,Colon - Transverse,150,0.3466666666666667,HIPPOC
GTEx,transfer_aware,rank,20,Heart - Left Ventricle,150,0.0,VENACV
GTEx,transfer_aware,rank,20,Kidney - Cortex,85,0.9411764705882353,KIDNEY
GTEx,transfer_aware,rank,20,Liver,150,1.0,LIVER
GTEx,transfer_aware,rank,20,Lung,150,0.9,LUNG
GTEx,transfer_aware,rank,20,Muscle - Skeletal,150,0.7133333333333334,SKM-GN
GTEx,transfer_aware,rank,20,Ovary,150,0.29333333333333333,HIPPOC
GTEx,transfer_aware,rank,20,Small Intestine - Terminal Ileum,150,0.0,HIPPOC
GTEx,transfer_aware,rank,20,Spleen,150,0.06,LUNG
GTEx,transfer_aware,rank,20,Testis,150,1.0,TESTES
GTEx,transfer_aware,rank,20,Whole Blood,150,0.08,SKM-GN
GTEx,transfer_aware,rank,50,Adipose - Subcutaneous,150,0.16666666666666666,VENACV
GTEx,transfer_aware,rank,50,Adrenal Gland,150,0.10666666666666667,LUNG
GTEx,transfer_aware,rank,50,Artery - Aorta,150,0.05333333333333334,LUNG
GTEx,transfer_aware,rank,50,Brain - Cortex,150,0.9666666666666667,CORTEX
GTEx,transfer_aware,rank,50,Brain - Hippocampus,150,0.41333333333333333,HIPPOC
GTEx,transfer_aware,rank,50,Brain - Hypothalamus,150,0.9866666666666667,HYPOTH
GTEx,transfer_aware,rank,50,Colon - Transverse,150,0.56,COLON
GTEx,transfer_aware,rank,50,Heart - Left Ventricle,150,0.12,VENACV
GTEx,transfer_aware,rank,50,Kidney - Cortex,85,0.9529411764705882,KIDNEY
GTEx,transfer_aware,rank,50,Liver,150,0.9933333333333333,LIVER
GTEx,transfer_aware,rank,50,Lung,150,1.0,LUNG
GTEx,transfer_aware,rank,50,Muscle - Skeletal,150,0.9733333333333334,SKM-GN
GTEx,transfer_aware,rank,50,Ovary,150,0.0,LUNG
GTEx,transfer_aware,rank,50,Small Intestine - Terminal Ileum,150,0.7266666666666667,SMLINT
GTEx,transfer_aware,rank,50,Spleen,150,0.006666666666666667,LUNG
GTEx,transfer_aware,rank,50,Testis,150,1.0,TESTES
GTEx,transfer_aware,rank,50,Whole Blood,150,0.2,LUNG
GTEx,transfer_aware,pairs,20,Adipose - Subcutaneous,150,0.04666666666666667,VENACV
GTEx,transfer_aware,pairs,20,Adrenal Gland,150,0.0,HYPOTH
GTEx,transfer_aware,pairs,20,Artery - Aorta,150,0.78,VENACV
GTEx,transfer_aware,pairs,20,Brain - Cortex,150,0.9466666666666667,CORTEX
GTEx,transfer_aware,pairs,20,Brain - Hippocampus,150,0.8133333333333334,HIPPOC
GTEx,transfer_aware,pairs,20,Brain - Hypothalamus,150,0.8733333333333333,HYPOTH
GTEx,transfer_aware,pairs,20,Colon - Transverse,150,0.5133333333333333,COLON
GTEx,transfer_aware,pairs,20,Heart - Left Ventricle,150,0.0,VENACV
GTEx,transfer_aware,pairs,20,Kidney - Cortex,85,0.9764705882352941,KIDNEY
GTEx,transfer_aware,pairs,20,Liver,150,0.9933333333333333,LIVER
GTEx,transfer_aware,pairs,20,Lung,150,0.94,LUNG
GTEx,transfer_aware,pairs,20,Muscle - Skeletal,150,0.47333333333333333,VENACV
GTEx,transfer_aware,pairs,20,Ovary,150,0.11333333333333333,KIDNEY
GTEx,transfer_aware,pairs,20,Small Intestine - Terminal Ileum,150,0.03333333333333333,HIPPOC
GTEx,transfer_aware,pairs,20,Spleen,150,0.0,LUNG
GTEx,transfer_aware,pairs,20,Testis,150,0.7133333333333334,TESTES
GTEx,transfer_aware,pairs,20,Whole Blood,150,0.07333333333333333,SKM-VL
GTEx,transfer_aware,pairs,50,Adipose - Subcutaneous,150,0.2,VENACV
GTEx,transfer_aware,pairs,50,Adrenal Gland,150,0.0,HYPOTH
GTEx,transfer_aware,pairs,50,Artery - Aorta,150,0.26666666666666666,LUNG
GTEx,transfer_aware,pairs,50,Brain - Cortex,150,0.9333333333333333,CORTEX
GTEx,transfer_aware,pairs,50,Brain - Hippocampus,150,0.64,HIPPOC
GTEx,transfer_aware,pairs,50,Brain - Hypothalamus,150,0.9933333333333333,HYPOTH
GTEx,transfer_aware,pairs,50,Colon - Transverse,150,0.6266666666666667,COLON
GTEx,transfer_aware,pairs,50,Heart - Left Ventricle,150,0.1,VENACV
GTEx,transfer_aware,pairs,50,Kidney - Cortex,85,0.9882352941176471,KIDNEY
GTEx,transfer_aware,pairs,50,Liver,150,0.9733333333333334,LIVER
GTEx,transfer_aware,pairs,50,Lung,150,1.0,LUNG
GTEx,transfer_aware,pairs,50,Muscle - Skeletal,150,1.0,SKM-GN
GTEx,transfer_aware,pairs,50,Ovary,150,0.0,LUNG
GTEx,transfer_aware,pairs,50,Small Intestine - Terminal Ileum,150,0.82,SMLINT
GTEx,transfer_aware,pairs,50,Spleen,150,0.013333333333333334,LIVER
GTEx,transfer_aware,pairs,50,Testis,150,1.0,TESTES
GTEx,transfer_aware,pairs,50,Whole Blood,150,0.37333333333333335,LUNG
