arm,model,balanced_accuracy_mean,balanced_accuracy_sd
single:METAB,centroid,1.0,0.0
single:METAB,logreg_l2,1.0,0.0
single:METAB,rf,1.0,0.0
early_fusion,centroid,0.9988888888888889,0.002484519974999809
early_fusion,rf,0.9988888888888889,0.002484519974999809
late_fusion,logreg_l2,0.9988888888888889,0.002484519974999809
single:TRNSCRPT,rf,0.9988888888888889,0.002484519974999809
single:TRNSCRPT,logreg_l2,0.9977777777777778,0.003042903097250987
early_fusion,logreg_l2,0.9954497354497354,0.0043606679648972935
single:TRNSCRPT,centroid,0.9932098765432098,0.006063852686539657
