balanced_accuracy,macro_f1,accuracy,log_loss,k,fold,model,selector,n_train_animals,n_test_animals
0.5952380952380951,0.5557074785036932,0.5952380952380952,0.9564690668933803,1,0,logreg_l2,roundrobin,48,12
0.9761904761904763,0.9760239760239761,0.9761904761904762,0.46963320149807036,2,0,logreg_l2,roundrobin,48,12
1.0,1.0,1.0,0.29751877693690254,3,0,logreg_l2,roundrobin,48,12
1.0,1.0,1.0,0.06675946265516479,5,0,logreg_l2,roundrobin,48,12
1.0,1.0,1.0,0.6108195303486761,8,0,logreg_l2,roundrobin,48,12
1.0,1.0,1.0,0.5375893904634752,10,0,logreg_l2,roundrobin,48,12
1.0,1.0,1.0,0.36887511835784115,15,0,logreg_l2,roundrobin,48,12
1.0,1.0,1.0,0.3033692364261317,20,0,logreg_l2,roundrobin,48,12
1.0,1.0,1.0,0.22540143051907943,30,0,logreg_l2,roundrobin,48,12
1.0,1.0,1.0,0.15217086477465125,50,0,logreg_l2,roundrobin,48,12
1.0,1.0,1.0,0.08778146751210289,100,0,logreg_l2,roundrobin,48,12
0.6904761904761905,0.6722785787557349,0.6904761904761905,0.953668325282585,1,1,logreg_l2,roundrobin,48,12
0.9404761904761906,0.9397402597402598,0.9404761904761905,0.4598091936044387,2,1,logreg_l2,roundrobin,48,12
0.9166666666666669,0.915876504447933,0.9166666666666666,0.3430573997648382,3,1,logreg_l2,roundrobin,48,12
1.0,1.0,1.0,0.06334094578167263,5,1,logreg_l2,roundrobin,48,12
1.0,1.0,1.0,0.5964187281908669,8,1,logreg_l2,roundrobin,48,12
1.0,1.0,1.0,0.5233470569062296,10,1,logreg_l2,roundrobin,48,12
1.0,1.0,1.0,0.3677636234452206,15,1,logreg_l2,roundrobin,48,12
1.0,1.0,1.0,0.2934857630939505,20,1,logreg_l2,roundrobin,48,12
1.0,1.0,1.0,0.21775884507207224,30,1,logreg_l2,roundrobin,48,12
1.0,1.0,1.0,0.1506098781219109,50,1,logreg_l2,roundrobin,48,12
1.0,1.0,1.0,0.08868347704659728,100,1,logreg_l2,roundrobin,48,12
0.6309523809523808,0.6059166269399862,0.6309523809523809,0.9550897719852314,1,2,logreg_l2,roundrobin,48,12
0.9285714285714285,0.9262404262404262,0.9285714285714286,0.46496267175075434,2,2,logreg_l2,roundrobin,48,12
0.9523809523809524,0.9523809523809524,0.9523809523809523,0.31174377674368936,3,2,logreg_l2,roundrobin,48,12
1.0,1.0,1.0,0.0606709207864618,5,2,logreg_l2,roundrobin,48,12
1.0,1.0,1.0,0.5910997441776985,8,2,logreg_l2,roundrobin,48,12
1.0,1.0,1.0,0.5228404458074613,10,2,logreg_l2,roundrobin,48,12
1.0,1.0,1.0,0.37189169950107487,15,2,logreg_l2,roundrobin,48,12
1.0,1.0,1.0,0.3021521312862097,20,2,logreg_l2,roundrobin,48,12
1.0,1.0,1.0,0.21778514432507942,30,2,logreg_l2,roundrobin,48,12
1.0,1.0,1.0,0.14916918740526305,50,2,logreg_l2,roundrobin,48,12
1.0,1.0,1.0,0.08821039634906935,100,2,logreg_l2,roundrobin,48,12
0.7023809523809524,0.6695238095238095,0.7023809523809523,0.9580911936572023,1,3,logreg_l2,roundrobin,48,12
0.9404761904761906,0.9392067352936919,0.9404761904761905,0.48146028744226915,2,3,logreg_l2,roundrobin,48,12
0.9642857142857143,0.9642650103519669,0.9642857142857143,0.32664272652836185,3,3,logreg_l2,roundrobin,48,12
1.0,1.0,1.0,0.08356523420752304,5,3,logreg_l2,roundrobin,48,12
1.0,1.0,1.0,0.6070884198640593,8,3,logreg_l2,roundrobin,48,12
1.0,1.0,1.0,0.5365165527847647,10,3,logreg_l2,roundrobin,48,12
1.0,1.0,1.0,0.37029216898771705,15,3,logreg_l2,roundrobin,48,12
1.0,1.0,1.0,0.3035216160063855,20,3,logreg_l2,roundrobin,48,12
1.0,1.0,1.0,0.2182959525295403,30,3,logreg_l2,roundrobin,48,12
1.0,1.0,1.0,0.15043164820916413,50,3,logreg_l2,roundrobin,48,12
1.0,1.0,1.0,0.08893902087030134,100,3,logreg_l2,roundrobin,48,12
0.7023809523809524,0.692463988253462,0.7023809523809523,0.9803645341175266,1,4,logreg_l2,roundrobin,48,12
0.9166666666666667,0.9136996336996337,0.9166666666666666,0.4916434770174222,2,4,logreg_l2,roundrobin,48,12
0.9404761904761905,0.9403726708074533,0.9404761904761905,0.32003440795311394,3,4,logreg_l2,roundrobin,48,12
1.0,1.0,1.0,0.31077243437912044,5,4,logreg_l2,roundrobin,48,12
1.0,1.0,1.0,0.6053793653067692,8,4,logreg_l2,roundrobin,48,12
1.0,1.0,1.0,0.5324219816011317,10,4,logreg_l2,roundrobin,48,12
1.0,1.0,1.0,0.36673687023844265,15,4,logreg_l2,roundrobin,48,12
1.0,1.0,1.0,0.2981665291774953,20,4,logreg_l2,roundrobin,48,12
1.0,1.0,1.0,0.21728538780000678,30,4,logreg_l2,roundrobin,48,12
1.0,1.0,1.0,0.14855850686617456,50,4,logreg_l2,roundrobin,48,12
1.0,1.0,1.0,0.08640303324251979,100,4,logreg_l2,roundrobin,48,12
