PC,explained,R2_tissue,R2_sex,R2_group,R2_pid,R2_plex_id,R2_tmt11_channel,R2_tissue_null95
PC1,0.4501109089859238,0.9909865511401912,0.0003923235757951043,6.120190121657477e-05,0.0014248303505427957,0.9949427202160454,0.00022833518354773555,0.029447348303256547
PC2,0.11586538078937844,0.9983309929940458,2.8061737776892006e-05,1.225648050323117e-05,0.0003282738189637383,0.9993457795548315,1.8218697136595268e-05,0.027558485787683412
PC3,0.1124805295302681,0.9930889354503807,0.00016172418902818045,8.12397738612877e-05,0.001078422038075886,0.996107546408453,0.0001027518097429941,0.027627323319619562
PC4,0.06098164228187495,0.994686144202006,0.00012603599886344788,5.959821468104665e-05,0.0007992749471811563,0.9983470860691708,4.309865547508365e-05,0.02847558054369365
PC5,0.05510559798306935,0.9958727557046182,4.725521355370452e-05,4.881440242052054e-05,0.0005635612476369567,0.9980628023391461,2.0770417022182173e-05,0.032497337564677
PC6,0.030082497196376075,0.9928260365606704,0.0001870295420425889,3.057941984866239e-05,0.0009257481632614315,0.9967072686827858,6.012225981339734e-05,0.030052974757544912
PC7,0.009967059889396973,0.0006566470179346152,3.2828368312707134e-05,0.00011829621369218554,0.1253706701836769,0.9924759209551806,8.41263252434976e-05,0.02704053870885942
PC8,0.009627299231199014,0.005735466279962595,3.290142580654803e-05,0.00012523447627784217,0.10294067126526699,0.9950738339301584,0.00012231351673989255,0.03173926298321966
PC9,0.008674519330176135,0.0018369758584704883,6.135701944264991e-05,5.858821314352589e-05,0.14313407972658496,0.9976734733714503,0.00010517855887804673,0.028274384617998447
PC10,0.008141797053099215,8.69152639384534e-05,2.312715081696588e-07,2.4323697351933296e-05,0.16296993216492608,0.998317598900357,2.6143350347448813e-05,0.02711670841189252
