fold,k,feature_ID
0,1,NP_074042.1
0,2,NP_074042.1
0,2,NP_113791.2
0,3,NP_001012183.1
0,3,NP_074042.1
0,3,NP_113791.2
0,5,NP_001012183.1
0,5,NP_071609.2
0,5,NP_074042.1
0,5,NP_113791.2
0,5,NP_446028.1
0,8,NP_001012183.1
0,8,NP_001014183.1
0,8,NP_071609.2
0,8,NP_074042.1
0,8,NP_113791.2
0,8,NP_445743.2
0,8,NP_446028.1
0,8,XP_006253736.1
0,10,NP_001012183.1
0,10,NP_001014157.1
0,10,NP_001014183.1
0,10,NP_001129343.1
0,10,NP_071609.2
0,10,NP_074042.1
0,10,NP_113791.2
0,10,NP_445743.2
0,10,NP_446028.1
0,10,XP_006253736.1
0,15,NP_001012183.1
0,15,NP_001014157.1
0,15,NP_001014183.1
0,15,NP_001129343.1
0,15,NP_036702.1
0,15,NP_071609.2
0,15,NP_074042.1
0,15,NP_075211.2
0,15,NP_112644.1
0,15,NP_113791.2
0,15,NP_445743.2
0,15,NP_446028.1
0,15,NP_599191.1
0,15,XP_006253736.1
0,15,XP_006254040.1
0,20,NP_001012183.1
0,20,NP_001014157.1
0,20,NP_001014183.1
0,20,NP_001129343.1
0,20,NP_001170776.1
0,20,NP_036702.1
0,20,NP_058797.1
0,20,NP_071609.2
0,20,NP_074042.1
0,20,NP_075211.2
0,20,NP_112319.2
0,20,NP_112644.1
0,20,NP_113791.2
0,20,NP_445743.2
0,20,NP_446028.1
0,20,NP_599191.1
0,20,NP_665726.1
0,20,XP_006253736.1
0,20,XP_006254040.1
0,20,XP_006254044.2
0,30,NP_001012183.1
0,30,NP_001014157.1
0,30,NP_001014183.1
0,30,NP_001104739.1
0,30,NP_001129343.1
0,30,NP_001170776.1
0,30,NP_036702.1
0,30,NP_036724.1
0,30,NP_058797.1
0,30,NP_062164.1
0,30,NP_071609.2
0,30,NP_071957.1
0,30,NP_074042.1
0,30,NP_075211.2
0,30,NP_075581.1
0,30,NP_112287.1
0,30,NP_112319.2
0,30,NP_112644.1
0,30,NP_113791.2
0,30,NP_445743.2
0,30,NP_446028.1
0,30,NP_446033.1
0,30,NP_599191.1
0,30,NP_599192.1
0,30,NP_665726.1
0,30,XP_006253736.1
0,30,XP_006254040.1
0,30,XP_006254044.2
0,30,NP_001004220.1
0,30,NP_001013128.1
0,50,NP_001004225.1
0,50,NP_001012183.1
0,50,NP_001014157.1
0,50,NP_001014183.1
0,50,NP_001028853.1
0,50,NP_001099489.1
0,50,NP_001104739.1
0,50,NP_001129343.1
0,50,NP_001170776.1
0,50,NP_036702.1
0,50,NP_036724.1
0,50,NP_037023.1
0,50,NP_037228.1
0,50,NP_037350.2
0,50,NP_058704.1
0,50,NP_058721.1
0,50,NP_058797.1
0,50,NP_062164.1
0,50,NP_062249.1
0,50,NP_071565.2
0,50,NP_071609.2
0,50,NP_071785.1
0,50,NP_071957.1
0,50,NP_074042.1
0,50,NP_075211.2
0,50,NP_075581.1
0,50,NP_077327.1
0,50,NP_112287.1
0,50,NP_112319.2
0,50,NP_112413.2
0,50,NP_112644.1
0,50,NP_113791.2
0,50,NP_114054.1
0,50,NP_445743.2
0,50,NP_445764.1
0,50,NP_446028.1
0,50,NP_446033.1
0,50,NP_476545.2
0,50,NP_599153.2
0,50,NP_599191.1
0,50,NP_599192.1
0,50,NP_620238.1
0,50,NP_620806.2
0,50,NP_665726.1
0,50,XP_006253736.1
0,50,XP_006254040.1
0,50,XP_006254044.2
0,50,XP_038959724.1
0,50,NP_001004220.1
0,50,NP_001013128.1
0,100,NP_001004072.2
0,100,NP_001004082.3
0,100,NP_001004225.1
0,100,NP_001006971.1
0,100,NP_001006982.2
0,100,NP_001009180.1
0,100,NP_001012183.1
0,100,NP_001014157.1
0,100,NP_001014183.1
0,100,NP_001028853.1
0,100,NP_001094009.1
0,100,NP_001099351.1
0,100,NP_001099489.1
0,100,NP_001099521.1
0,100,NP_001099765.1
0,100,NP_001101857.2
0,100,NP_001103378.1
0,100,NP_001104739.1
0,100,NP_001121025.1
0,100,NP_001129343.1
0,100,NP_001170776.1
0,100,NP_001303806.1
0,100,NP_036650.1
0,100,NP_036702.1
0,100,NP_036703.2
0,100,NP_036724.1
0,100,NP_036951.1
0,100,NP_037023.1
0,100,NP_037098.1
0,100,NP_037117.1
0,100,NP_037228.1
0,100,NP_037309.1
0,100,NP_037350.2
0,100,NP_058701.2
0,100,NP_058704.1
0,100,NP_058721.1
0,100,NP_058747.1
0,100,NP_058771.2
0,100,NP_058797.1
0,100,NP_058898.1
0,100,NP_058941.1
0,100,NP_062164.1
0,100,NP_062249.1
0,100,NP_062256.1
0,100,NP_071565.2
0,100,NP_071579.1
0,100,NP_071609.2
0,100,NP_071785.1
0,100,NP_071957.1
0,100,NP_072106.1
0,100,NP_074042.1
0,100,NP_075211.2
0,100,NP_075581.1
0,100,NP_077327.1
0,100,NP_077374.2
0,100,NP_110453.3
0,100,NP_112287.1
0,100,NP_112319.2
0,100,NP_112413.2
0,100,NP_112643.1
0,100,NP_112644.1
0,100,NP_113791.2
0,100,NP_113870.1
0,100,NP_114021.2
0,100,NP_114054.1
0,100,NP_115792.2
0,100,NP_150237.1
0,100,NP_445743.2
0,100,NP_445764.1
0,100,NP_446028.1
0,100,NP_446033.1
0,100,NP_446054.1
0,100,NP_446090.2
0,100,NP_446204.2
0,100,NP_476455.1
0,100,NP_476534.1
0,100,NP_476545.2
0,100,NP_511178.1
0,100,NP_569112.1
0,100,NP_569117.2
0,100,NP_570839.2
0,100,NP_598302.1
0,100,NP_599153.2
0,100,NP_599191.1
0,100,NP_599192.1
0,100,NP_620238.1
0,100,NP_620806.2
0,100,NP_665726.1
0,100,NP_942037.2
0,100,NP_955417.1
0,100,NP_997475.1
0,100,XP_006253736.1
0,100,XP_006254040.1
0,100,XP_006254044.2
0,100,XP_038959724.1
0,100,NP_001004220.1
0,100,NP_001004223.1
0,100,NP_001102981.1
0,100,NP_446252.1
0,100,NP_001013128.1
1,1,NP_074042.1
1,2,NP_074042.1
1,2,NP_113791.2
1,3,NP_001012183.1
1,3,NP_074042.1
1,3,NP_113791.2
1,5,NP_001012183.1
1,5,NP_071609.2
1,5,NP_074042.1
1,5,NP_113791.2
1,5,NP_446028.1
1,8,NP_001012183.1
1,8,NP_001014183.1
1,8,NP_071609.2
1,8,NP_074042.1
1,8,NP_113791.2
1,8,NP_445743.2
1,8,NP_446028.1
1,8,XP_006253736.1
1,10,NP_001012183.1
1,10,NP_001014157.1
1,10,NP_001014183.1
1,10,NP_001129343.1
1,10,NP_071609.2
1,10,NP_074042.1
1,10,NP_113791.2
1,10,NP_445743.2
1,10,NP_446028.1
1,10,XP_006253736.1
1,15,NP_001012183.1
1,15,NP_001014157.1
1,15,NP_001014183.1
1,15,NP_001129343.1
1,15,NP_036702.1
1,15,NP_071609.2
1,15,NP_074042.1
1,15,NP_075211.2
1,15,NP_112644.1
1,15,NP_113791.2
1,15,NP_445743.2
1,15,NP_446028.1
1,15,NP_599191.1
1,15,XP_006253736.1
1,15,XP_006254040.1
1,20,NP_001012183.1
1,20,NP_001014157.1
1,20,NP_001014183.1
1,20,NP_001028853.1
1,20,NP_001129343.1
1,20,NP_001170776.1
1,20,NP_036702.1
1,20,NP_058797.1
1,20,NP_071609.2
1,20,NP_074042.1
1,20,NP_075211.2
1,20,NP_112319.2
1,20,NP_112644.1
1,20,NP_113791.2
1,20,NP_445743.2
1,20,NP_446028.1
1,20,NP_599191.1
1,20,XP_006253736.1
1,20,XP_006254040.1
1,20,NP_001013128.1
1,30,NP_001012183.1
1,30,NP_001014157.1
1,30,NP_001014183.1
1,30,NP_001028853.1
1,30,NP_001104739.1
1,30,NP_001129343.1
1,30,NP_001170776.1
1,30,NP_036702.1
1,30,NP_058797.1
1,30,NP_062164.1
1,30,NP_071609.2
1,30,NP_071957.1
1,30,NP_074042.1
1,30,NP_075211.2
1,30,NP_112287.1
1,30,NP_112319.2
1,30,NP_112413.2
1,30,NP_112644.1
1,30,NP_113791.2
1,30,NP_445743.2
1,30,NP_446028.1
1,30,NP_446033.1
1,30,NP_599191.1
1,30,NP_599192.1
1,30,NP_665726.1
1,30,XP_006253736.1
1,30,XP_006254040.1
1,30,XP_038959724.1
1,30,NP_001004220.1
1,30,NP_001013128.1
1,50,NP_001004072.2
1,50,NP_001004225.1
1,50,NP_001012183.1
1,50,NP_001014157.1
1,50,NP_001014183.1
1,50,NP_001028853.1
1,50,NP_001099489.1
1,50,NP_001104739.1
1,50,NP_001129343.1
1,50,NP_001170776.1
1,50,NP_036702.1
1,50,NP_036724.1
1,50,NP_037023.1
1,50,NP_037228.1
1,50,NP_037350.2
1,50,NP_058704.1
1,50,NP_058721.1
1,50,NP_058797.1
1,50,NP_062164.1
1,50,NP_062249.1
1,50,NP_071565.2
1,50,NP_071609.2
1,50,NP_071785.1
1,50,NP_071957.1
1,50,NP_074042.1
1,50,NP_075211.2
1,50,NP_075581.1
1,50,NP_112287.1
1,50,NP_112319.2
1,50,NP_112413.2
1,50,NP_112643.1
1,50,NP_112644.1
1,50,NP_113791.2
1,50,NP_114054.1
1,50,NP_445743.2
1,50,NP_446028.1
1,50,NP_446033.1
1,50,NP_476545.2
1,50,NP_569112.1
1,50,NP_599191.1
1,50,NP_599192.1
1,50,NP_620238.1
1,50,NP_620806.2
1,50,NP_665726.1
1,50,XP_006253736.1
1,50,XP_006254040.1
1,50,XP_006254044.2
1,50,XP_038959724.1
1,50,NP_001004220.1
1,50,NP_001013128.1
1,100,NP_001004072.2
1,100,NP_001004082.3
1,100,NP_001004225.1
1,100,NP_001006971.1
1,100,NP_001006982.2
1,100,NP_001009180.1
1,100,NP_001009668.1
1,100,NP_001012183.1
1,100,NP_001014157.1
1,100,NP_001014183.1
1,100,NP_001017461.1
1,100,NP_001028853.1
1,100,NP_001094009.1
1,100,NP_001099351.1
1,100,NP_001099489.1
1,100,NP_001099521.1
1,100,NP_001099764.1
1,100,NP_001099765.1
1,100,NP_001101857.2
1,100,NP_001103378.1
1,100,NP_001104739.1
1,100,NP_001121025.1
1,100,NP_001129343.1
1,100,NP_001170776.1
1,100,NP_001303806.1
1,100,NP_036650.1
1,100,NP_036702.1
1,100,NP_036703.2
1,100,NP_036724.1
1,100,NP_036951.1
1,100,NP_037023.1
1,100,NP_037117.1
1,100,NP_037228.1
1,100,NP_037309.1
1,100,NP_037350.2
1,100,NP_058701.2
1,100,NP_058704.1
1,100,NP_058721.1
1,100,NP_058747.1
1,100,NP_058771.2
1,100,NP_058797.1
1,100,NP_059002.2
1,100,NP_062164.1
1,100,NP_062249.1
1,100,NP_062256.1
1,100,NP_071565.2
1,100,NP_071579.1
1,100,NP_071609.2
1,100,NP_071785.1
1,100,NP_071957.1
1,100,NP_072106.1
1,100,NP_074042.1
1,100,NP_075211.2
1,100,NP_075581.1
1,100,NP_077327.1
1,100,NP_077374.2
1,100,NP_110453.3
1,100,NP_112287.1
1,100,NP_112319.2
1,100,NP_112413.2
1,100,NP_112643.1
1,100,NP_112644.1
1,100,NP_113791.2
1,100,NP_113870.1
1,100,NP_114021.2
1,100,NP_114054.1
1,100,NP_115792.2
1,100,NP_150237.1
1,100,NP_445743.2
1,100,NP_445764.1
1,100,NP_446028.1
1,100,NP_446033.1
1,100,NP_446054.1
1,100,NP_446090.2
1,100,NP_446204.2
1,100,NP_476455.1
1,100,NP_476545.2
1,100,NP_511178.1
1,100,NP_569112.1
1,100,NP_569117.2
1,100,NP_570839.2
1,100,NP_598302.1
1,100,NP_599153.2
1,100,NP_599191.1
1,100,NP_599192.1
1,100,NP_620238.1
1,100,NP_620806.2
1,100,NP_665726.1
1,100,NP_942037.2
1,100,NP_997475.1
1,100,XP_006253736.1
1,100,XP_006254040.1
1,100,XP_006254044.2
1,100,XP_038959724.1
1,100,NP_001004220.1
1,100,NP_001004223.1
1,100,NP_001102981.1
1,100,NP_446252.1
1,100,NP_001013128.1
1,100,NP_001102954.1
2,1,NP_074042.1
2,2,NP_074042.1
2,2,NP_113791.2
2,3,NP_001012183.1
2,3,NP_074042.1
2,3,NP_113791.2
2,5,NP_001012183.1
2,5,NP_071609.2
2,5,NP_074042.1
2,5,NP_113791.2
2,5,NP_446028.1
2,8,NP_001012183.1
2,8,NP_001014183.1
2,8,NP_071609.2
2,8,NP_074042.1
2,8,NP_113791.2
2,8,NP_445743.2
2,8,NP_446028.1
2,8,XP_006253736.1
2,10,NP_001012183.1
2,10,NP_001014157.1
2,10,NP_001014183.1
2,10,NP_001129343.1
2,10,NP_071609.2
2,10,NP_074042.1
2,10,NP_113791.2
2,10,NP_445743.2
2,10,NP_446028.1
2,10,XP_006253736.1
2,15,NP_001012183.1
2,15,NP_001014157.1
2,15,NP_001014183.1
2,15,NP_001129343.1
2,15,NP_036702.1
2,15,NP_071609.2
2,15,NP_074042.1
2,15,NP_075211.2
2,15,NP_112644.1
2,15,NP_113791.2
2,15,NP_445743.2
2,15,NP_446028.1
2,15,NP_599191.1
2,15,XP_006253736.1
2,15,XP_006254040.1
2,20,NP_001012183.1
2,20,NP_001014157.1
2,20,NP_001014183.1
2,20,NP_001028853.1
2,20,NP_001129343.1
2,20,NP_001170776.1
2,20,NP_036702.1
2,20,NP_058797.1
2,20,NP_071609.2
2,20,NP_074042.1
2,20,NP_075211.2
2,20,NP_112319.2
2,20,NP_112644.1
2,20,NP_113791.2
2,20,NP_445743.2
2,20,NP_446028.1
2,20,NP_599191.1
2,20,XP_006253736.1
2,20,XP_006254040.1
2,20,NP_001013128.1
2,30,NP_001012183.1
2,30,NP_001014157.1
2,30,NP_001014183.1
2,30,NP_001028853.1
2,30,NP_001104739.1
2,30,NP_001129343.1
2,30,NP_001170776.1
2,30,NP_036702.1
2,30,NP_058797.1
2,30,NP_062164.1
2,30,NP_071609.2
2,30,NP_071957.1
2,30,NP_074042.1
2,30,NP_075211.2
2,30,NP_112287.1
2,30,NP_112319.2
2,30,NP_112413.2
2,30,NP_112644.1
2,30,NP_113791.2
2,30,NP_445743.2
2,30,NP_446028.1
2,30,NP_446033.1
2,30,NP_599191.1
2,30,NP_599192.1
2,30,NP_665726.1
2,30,XP_006253736.1
2,30,XP_006254040.1
2,30,XP_038959724.1
2,30,NP_001004220.1
2,30,NP_001013128.1
2,50,NP_001004072.2
2,50,NP_001004225.1
2,50,NP_001012183.1
2,50,NP_001014157.1
2,50,NP_001014183.1
2,50,NP_001028853.1
2,50,NP_001099489.1
2,50,NP_001104739.1
2,50,NP_001129343.1
2,50,NP_001170776.1
2,50,NP_036702.1
2,50,NP_036724.1
2,50,NP_037023.1
2,50,NP_037350.2
2,50,NP_058704.1
2,50,NP_058721.1
2,50,NP_058797.1
2,50,NP_062164.1
2,50,NP_062249.1
2,50,NP_071565.2
2,50,NP_071609.2
2,50,NP_071785.1
2,50,NP_071957.1
2,50,NP_074042.1
2,50,NP_075211.2
2,50,NP_075581.1
2,50,NP_112287.1
2,50,NP_112319.2
2,50,NP_112413.2
2,50,NP_112643.1
2,50,NP_112644.1
2,50,NP_113791.2
2,50,NP_114054.1
2,50,NP_150237.1
2,50,NP_445743.2
2,50,NP_445764.1
2,50,NP_446028.1
2,50,NP_446033.1
2,50,NP_476545.2
2,50,NP_599191.1
2,50,NP_599192.1
2,50,NP_620238.1
2,50,NP_620806.2
2,50,NP_665726.1
2,50,XP_006253736.1
2,50,XP_006254040.1
2,50,XP_006254044.2
2,50,XP_038959724.1
2,50,NP_001004220.1
2,50,NP_001013128.1
2,100,NP_001004072.2
2,100,NP_001004082.3
2,100,NP_001004225.1
2,100,NP_001006971.1
2,100,NP_001006982.2
2,100,NP_001009180.1
2,100,NP_001009668.1
2,100,NP_001012183.1
2,100,NP_001014157.1
2,100,NP_001014183.1
2,100,NP_001017461.1
2,100,NP_001028853.1
2,100,NP_001094009.1
2,100,NP_001099351.1
2,100,NP_001099489.1
2,100,NP_001099521.1
2,100,NP_001099764.1
2,100,NP_001099765.1
2,100,NP_001101857.2
2,100,NP_001103378.1
2,100,NP_001104739.1
2,100,NP_001121025.1
2,100,NP_001129343.1
2,100,NP_001170776.1
2,100,NP_001303806.1
2,100,NP_036650.1
2,100,NP_036702.1
2,100,NP_036703.2
2,100,NP_036724.1
2,100,NP_036951.1
2,100,NP_037023.1
2,100,NP_037117.1
2,100,NP_037228.1
2,100,NP_037309.1
2,100,NP_037350.2
2,100,NP_058701.2
2,100,NP_058704.1
2,100,NP_058721.1
2,100,NP_058747.1
2,100,NP_058771.2
2,100,NP_058797.1
2,100,NP_059002.2
2,100,NP_062164.1
2,100,NP_062249.1
2,100,NP_062256.1
2,100,NP_071565.2
2,100,NP_071579.1
2,100,NP_071609.2
2,100,NP_071785.1
2,100,NP_071957.1
2,100,NP_072106.1
2,100,NP_074042.1
2,100,NP_075211.2
2,100,NP_075581.1
2,100,NP_077327.1
2,100,NP_077374.2
2,100,NP_110453.3
2,100,NP_112287.1
2,100,NP_112319.2
2,100,NP_112413.2
2,100,NP_112643.1
2,100,NP_112644.1
2,100,NP_113791.2
2,100,NP_113870.1
2,100,NP_114021.2
2,100,NP_114054.1
2,100,NP_115792.2
2,100,NP_150237.1
2,100,NP_445743.2
2,100,NP_445764.1
2,100,NP_446028.1
2,100,NP_446033.1
2,100,NP_446054.1
2,100,NP_446090.2
2,100,NP_446204.2
2,100,NP_476455.1
2,100,NP_476545.2
2,100,NP_511178.1
2,100,NP_569112.1
2,100,NP_569117.2
2,100,NP_570839.2
2,100,NP_598302.1
2,100,NP_599153.2
2,100,NP_599191.1
2,100,NP_599192.1
2,100,NP_620238.1
2,100,NP_620806.2
2,100,NP_665726.1
2,100,NP_942037.2
2,100,NP_955417.1
2,100,NP_997475.1
2,100,XP_006253736.1
2,100,XP_006254040.1
2,100,XP_006254044.2
2,100,XP_038959724.1
2,100,NP_001004220.1
2,100,NP_001004223.1
2,100,NP_001102981.1
2,100,NP_446252.1
2,100,NP_001013128.1
3,1,NP_074042.1
3,2,NP_074042.1
3,2,NP_113791.2
3,3,NP_001012183.1
3,3,NP_074042.1
3,3,NP_113791.2
3,5,NP_001012183.1
3,5,NP_071609.2
3,5,NP_074042.1
3,5,NP_113791.2
3,5,NP_446028.1
3,8,NP_001012183.1
3,8,NP_001014183.1
3,8,NP_071609.2
3,8,NP_074042.1
3,8,NP_113791.2
3,8,NP_445743.2
3,8,NP_446028.1
3,8,XP_006253736.1
3,10,NP_001012183.1
3,10,NP_001014157.1
3,10,NP_001014183.1
3,10,NP_001129343.1
3,10,NP_071609.2
3,10,NP_074042.1
3,10,NP_113791.2
3,10,NP_445743.2
3,10,NP_446028.1
3,10,XP_006253736.1
3,15,NP_001012183.1
3,15,NP_001014157.1
3,15,NP_001014183.1
3,15,NP_001129343.1
3,15,NP_036702.1
3,15,NP_071609.2
3,15,NP_074042.1
3,15,NP_075211.2
3,15,NP_112644.1
3,15,NP_113791.2
3,15,NP_445743.2
3,15,NP_446028.1
3,15,NP_599191.1
3,15,XP_006253736.1
3,15,XP_006254040.1
3,20,NP_001012183.1
3,20,NP_001014157.1
3,20,NP_001014183.1
3,20,NP_001129343.1
3,20,NP_001170776.1
3,20,NP_036702.1
3,20,NP_058797.1
3,20,NP_071609.2
3,20,NP_074042.1
3,20,NP_075211.2
3,20,NP_112319.2
3,20,NP_112644.1
3,20,NP_113791.2
3,20,NP_445743.2
3,20,NP_446028.1
3,20,NP_599191.1
3,20,NP_665726.1
3,20,XP_006253736.1
3,20,XP_006254040.1
3,20,NP_001013128.1
3,30,NP_001012183.1
3,30,NP_001014157.1
3,30,NP_001014183.1
3,30,NP_001028853.1
3,30,NP_001129343.1
3,30,NP_001170776.1
3,30,NP_036702.1
3,30,NP_036724.1
3,30,NP_058797.1
3,30,NP_062164.1
3,30,NP_071609.2
3,30,NP_071957.1
3,30,NP_074042.1
3,30,NP_075211.2
3,30,NP_075581.1
3,30,NP_112287.1
3,30,NP_112319.2
3,30,NP_112644.1
3,30,NP_113791.2
3,30,NP_445743.2
3,30,NP_446028.1
3,30,NP_446033.1
3,30,NP_599191.1
3,30,NP_599192.1
3,30,NP_665726.1
3,30,XP_006253736.1
3,30,XP_006254040.1
3,30,XP_038959724.1
3,30,NP_001004220.1
3,30,NP_001013128.1
3,50,NP_001004072.2
3,50,NP_001004225.1
3,50,NP_001012183.1
3,50,NP_001014157.1
3,50,NP_001014183.1
3,50,NP_001028853.1
3,50,NP_001099489.1
3,50,NP_001104739.1
3,50,NP_001129343.1
3,50,NP_001170776.1
3,50,NP_036702.1
3,50,NP_036724.1
3,50,NP_037023.1
3,50,NP_037350.2
3,50,NP_058704.1
3,50,NP_058721.1
3,50,NP_058797.1
3,50,NP_062164.1
3,50,NP_062249.1
3,50,NP_071565.2
3,50,NP_071609.2
3,50,NP_071785.1
3,50,NP_071957.1
3,50,NP_074042.1
3,50,NP_075211.2
3,50,NP_075581.1
3,50,NP_112287.1
3,50,NP_112319.2
3,50,NP_112413.2
3,50,NP_112644.1
3,50,NP_113791.2
3,50,NP_114054.1
3,50,NP_445743.2
3,50,NP_445764.1
3,50,NP_446028.1
3,50,NP_446033.1
3,50,NP_476545.2
3,50,NP_569112.1
3,50,NP_599153.2
3,50,NP_599191.1
3,50,NP_599192.1
3,50,NP_620806.2
3,50,NP_665726.1
3,50,XP_006253736.1
3,50,XP_006254040.1
3,50,XP_006254044.2
3,50,XP_038959724.1
3,50,NP_001004220.1
3,50,NP_001004223.1
3,50,NP_001013128.1
3,100,NP_001004072.2
3,100,NP_001004082.3
3,100,NP_001004225.1
3,100,NP_001006971.1
3,100,NP_001006982.2
3,100,NP_001009180.1
3,100,NP_001009668.1
3,100,NP_001012183.1
3,100,NP_001014157.1
3,100,NP_001014183.1
3,100,NP_001017461.1
3,100,NP_001028853.1
3,100,NP_001094009.1
3,100,NP_001099351.1
3,100,NP_001099489.1
3,100,NP_001099521.1
3,100,NP_001099765.1
3,100,NP_001101857.2
3,100,NP_001103378.1
3,100,NP_001104739.1
3,100,NP_001121025.1
3,100,NP_001129343.1
3,100,NP_001170776.1
3,100,NP_001303806.1
3,100,NP_036650.1
3,100,NP_036702.1
3,100,NP_036703.2
3,100,NP_036724.1
3,100,NP_036951.1
3,100,NP_037023.1
3,100,NP_037098.1
3,100,NP_037117.1
3,100,NP_037228.1
3,100,NP_037309.1
3,100,NP_037350.2
3,100,NP_058701.2
3,100,NP_058704.1
3,100,NP_058721.1
3,100,NP_058747.1
3,100,NP_058771.2
3,100,NP_058797.1
3,100,NP_059002.2
3,100,NP_062164.1
3,100,NP_062249.1
3,100,NP_062256.1
3,100,NP_071565.2
3,100,NP_071579.1
3,100,NP_071609.2
3,100,NP_071785.1
3,100,NP_071957.1
3,100,NP_072106.1
3,100,NP_074042.1
3,100,NP_075211.2
3,100,NP_075581.1
3,100,NP_077327.1
3,100,NP_077374.2
3,100,NP_110453.3
3,100,NP_112287.1
3,100,NP_112319.2
3,100,NP_112413.2
3,100,NP_112643.1
3,100,NP_112644.1
3,100,NP_113791.2
3,100,NP_113870.1
3,100,NP_114021.2
3,100,NP_114054.1
3,100,NP_115792.2
3,100,NP_150237.1
3,100,NP_445743.2
3,100,NP_445764.1
3,100,NP_446028.1
3,100,NP_446033.1
3,100,NP_446054.1
3,100,NP_446090.2
3,100,NP_446204.2
3,100,NP_476455.1
3,100,NP_476534.1
3,100,NP_476545.2
3,100,NP_511178.1
3,100,NP_569112.1
3,100,NP_569117.2
3,100,NP_570839.2
3,100,NP_598302.1
3,100,NP_599153.2
3,100,NP_599191.1
3,100,NP_599192.1
3,100,NP_620238.1
3,100,NP_620806.2
3,100,NP_665726.1
3,100,NP_942037.2
3,100,NP_997475.1
3,100,XP_006253736.1
3,100,XP_006254040.1
3,100,XP_006254044.2
3,100,XP_038959724.1
3,100,NP_001004220.1
3,100,NP_001004223.1
3,100,NP_446252.1
3,100,NP_001013128.1
3,100,NP_001102954.1
4,1,NP_074042.1
4,2,NP_074042.1
4,2,NP_113791.2
4,3,NP_001012183.1
4,3,NP_074042.1
4,3,NP_113791.2
4,5,NP_001012183.1
4,5,NP_071609.2
4,5,NP_074042.1
4,5,NP_113791.2
4,5,NP_446028.1
4,8,NP_001012183.1
4,8,NP_001014183.1
4,8,NP_071609.2
4,8,NP_074042.1
4,8,NP_112644.1
4,8,NP_113791.2
4,8,NP_445743.2
4,8,NP_446028.1
4,10,NP_001012183.1
4,10,NP_001014157.1
4,10,NP_001014183.1
4,10,NP_001129343.1
4,10,NP_071609.2
4,10,NP_074042.1
4,10,NP_112644.1
4,10,NP_113791.2
4,10,NP_445743.2
4,10,NP_446028.1
4,15,NP_001012183.1
4,15,NP_001014157.1
4,15,NP_001014183.1
4,15,NP_001129343.1
4,15,NP_036702.1
4,15,NP_071609.2
4,15,NP_074042.1
4,15,NP_075211.2
4,15,NP_112644.1
4,15,NP_113791.2
4,15,NP_445743.2
4,15,NP_446028.1
4,15,NP_599192.1
4,15,XP_006253736.1
4,15,XP_006254040.1
4,20,NP_001012183.1
4,20,NP_001014157.1
4,20,NP_001014183.1
4,20,NP_001028853.1
4,20,NP_001129343.1
4,20,NP_001170776.1
4,20,NP_036702.1
4,20,NP_058797.1
4,20,NP_071609.2
4,20,NP_074042.1
4,20,NP_075211.2
4,20,NP_112319.2
4,20,NP_112644.1
4,20,NP_113791.2
4,20,NP_445743.2
4,20,NP_446028.1
4,20,NP_599192.1
4,20,XP_006253736.1
4,20,XP_006254040.1
4,20,NP_001013128.1
4,30,NP_001004225.1
4,30,NP_001012183.1
4,30,NP_001014157.1
4,30,NP_001014183.1
4,30,NP_001028853.1
4,30,NP_001104739.1
4,30,NP_001129343.1
4,30,NP_001170776.1
4,30,NP_036702.1
4,30,NP_036724.1
4,30,NP_037350.2
4,30,NP_058797.1
4,30,NP_062249.1
4,30,NP_071609.2
4,30,NP_071957.1
4,30,NP_074042.1
4,30,NP_075211.2
4,30,NP_075581.1
4,30,NP_112319.2
4,30,NP_112644.1
4,30,NP_113791.2
4,30,NP_445743.2
4,30,NP_446028.1
4,30,NP_446033.1
4,30,NP_599191.1
4,30,NP_599192.1
4,30,XP_006253736.1
4,30,XP_006254040.1
4,30,NP_001004220.1
4,30,NP_001013128.1
4,50,NP_001004072.2
4,50,NP_001004225.1
4,50,NP_001012183.1
4,50,NP_001014157.1
4,50,NP_001014183.1
4,50,NP_001028853.1
4,50,NP_001099489.1
4,50,NP_001104739.1
4,50,NP_001129343.1
4,50,NP_001170776.1
4,50,NP_036702.1
4,50,NP_036724.1
4,50,NP_037023.1
4,50,NP_037350.2
4,50,NP_058701.2
4,50,NP_058704.1
4,50,NP_058721.1
4,50,NP_058747.1
4,50,NP_058797.1
4,50,NP_062164.1
4,50,NP_062249.1
4,50,NP_071565.2
4,50,NP_071609.2
4,50,NP_071957.1
4,50,NP_074042.1
4,50,NP_075211.2
4,50,NP_075581.1
4,50,NP_077327.1
4,50,NP_112287.1
4,50,NP_112319.2
4,50,NP_112413.2
4,50,NP_112644.1
4,50,NP_113791.2
4,50,NP_114054.1
4,50,NP_445743.2
4,50,NP_445764.1
4,50,NP_446028.1
4,50,NP_446033.1
4,50,NP_476545.2
4,50,NP_599153.2
4,50,NP_599191.1
4,50,NP_599192.1
4,50,NP_620806.2
4,50,NP_665726.1
4,50,XP_006253736.1
4,50,XP_006254040.1
4,50,XP_006254044.2
4,50,XP_038959724.1
4,50,NP_001004220.1
4,50,NP_001013128.1
4,100,NP_001004072.2
4,100,NP_001004082.3
4,100,NP_001004225.1
4,100,NP_001006971.1
4,100,NP_001006982.2
4,100,NP_001009180.1
4,100,NP_001009668.1
4,100,NP_001012183.1
4,100,NP_001014157.1
4,100,NP_001014183.1
4,100,NP_001017461.1
4,100,NP_001028853.1
4,100,NP_001094009.1
4,100,NP_001099351.1
4,100,NP_001099489.1
4,100,NP_001099521.1
4,100,NP_001099764.1
4,100,NP_001099765.1
4,100,NP_001101857.2
4,100,NP_001103378.1
4,100,NP_001104739.1
4,100,NP_001121025.1
4,100,NP_001129343.1
4,100,NP_001170776.1
4,100,NP_001303806.1
4,100,NP_036650.1
4,100,NP_036702.1
4,100,NP_036703.2
4,100,NP_036724.1
4,100,NP_036951.1
4,100,NP_037023.1
4,100,NP_037117.1
4,100,NP_037228.1
4,100,NP_037309.1
4,100,NP_037350.2
4,100,NP_058701.2
4,100,NP_058704.1
4,100,NP_058721.1
4,100,NP_058747.1
4,100,NP_058771.2
4,100,NP_058797.1
4,100,NP_058941.1
4,100,NP_059002.2
4,100,NP_062164.1
4,100,NP_062249.1
4,100,NP_062256.1
4,100,NP_071565.2
4,100,NP_071579.1
4,100,NP_071609.2
4,100,NP_071785.1
4,100,NP_071957.1
4,100,NP_072106.1
4,100,NP_074042.1
4,100,NP_075211.2
4,100,NP_075581.1
4,100,NP_077327.1
4,100,NP_077374.2
4,100,NP_112287.1
4,100,NP_112319.2
4,100,NP_112413.2
4,100,NP_112643.1
4,100,NP_112644.1
4,100,NP_113791.2
4,100,NP_113870.1
4,100,NP_114021.2
4,100,NP_114054.1
4,100,NP_115792.2
4,100,NP_150237.1
4,100,NP_445743.2
4,100,NP_445764.1
4,100,NP_446028.1
4,100,NP_446033.1
4,100,NP_446054.1
4,100,NP_446090.2
4,100,NP_446204.2
4,100,NP_476455.1
4,100,NP_476534.1
4,100,NP_476545.2
4,100,NP_511178.1
4,100,NP_569112.1
4,100,NP_569117.2
4,100,NP_570839.2
4,100,NP_598302.1
4,100,NP_599153.2
4,100,NP_599191.1
4,100,NP_599192.1
4,100,NP_620238.1
4,100,NP_620806.2
4,100,NP_665726.1
4,100,NP_942037.2
4,100,NP_997475.1
4,100,XP_006253736.1
4,100,XP_006254040.1
4,100,XP_006254044.2
4,100,XP_038959724.1
4,100,NP_001004220.1
4,100,NP_001004223.1
4,100,NP_446252.1
4,100,NP_001013128.1
4,100,NP_001102954.1
