tissue,tmt_plex,n_vials,n_peptide_rows,n_proteins_quantified,n_proteins_kept,n_proteins_dropped_min_peptides,median_channel_total,frac_nan_kept
CORTEX,S1,10,84776,6173,4098,2075,74714266692.42499,0.0
CORTEX,S2,10,84776,6239,4121,2118,75709502319.78001,0.0
CORTEX,S3,10,84776,6489,4501,1988,90621896990.23999,0.0
CORTEX,S4,10,84776,6624,4400,2224,95700567214.12,0.0
CORTEX,S5,10,84776,6260,4195,2065,74967719697.995,0.0
CORTEX,S6,10,84776,6418,4309,2109,96134331732.54001,0.0
SKM-GN,S1,10,53671,3878,2309,1569,35416681622.645,0.0
SKM-GN,S2,10,53671,3755,2217,1538,40018455845.005005,0.0005412719891745601
SKM-GN,S3,10,53671,3811,2344,1467,43535200804.56999,0.0
SKM-GN,S4,10,53671,3559,2119,1440,35893113079.33,0.001557338367154318
SKM-GN,S5,10,53671,4050,2460,1590,48863357331.225006,0.0
SKM-GN,S6,10,53671,4007,2398,1609,44534142318.805,0.0002085070892410342
HEART,S1,10,48360,6644,4013,2631,33664155195.0,0.0
HEART,S2,10,48360,6596,4040,2556,32434448388.0,0.0
HEART,S3,10,48360,6750,4043,2707,56880019548.0,0.0
HEART,S4,10,48360,6831,4171,2660,54451392729.5,0.0
HEART,S5,10,48360,6839,4125,2714,71910824228.0,2.424242424242424e-05
HEART,S6,10,48360,6816,4173,2643,61281266851.5,0.0
KIDNEY,S1,10,53542,5447,3419,2028,13067982969.145,5.8496636443404506e-05
KIDNEY,S2,10,53542,5573,3520,2053,12057486685.989998,0.00022727272727272727
KIDNEY,S3,10,53542,5714,3606,2108,14111081862.62,0.000415973377703827
KIDNEY,S4,10,53542,5836,3756,2080,12861519225.93,0.0001597444089456869
KIDNEY,S5,10,53542,5633,3596,2037,10307018044.095,0.00019466073414905452
KIDNEY,S6,10,53542,5710,3676,2034,13170929395.83,0.0001088139281828074
LUNG,S1,10,78425,6435,4489,1946,39244164357.64,0.0
LUNG,S2,10,78425,6399,4491,1908,41076084590.159996,0.0
LUNG,S3,10,78425,6745,4734,2011,43449317417.745,0.0
LUNG,S4,10,78425,6152,4274,1878,34984665712.81,0.0
LUNG,S5,10,78425,6471,4529,1942,37800666957.8,0.0
LUNG,S6,10,78425,6235,4336,1899,32941905118.235,0.0
LIVER,S1,10,52724,7450,4769,2681,49053368872.5,4.1937513105472846e-05
LIVER,S2,10,52724,7398,4772,2626,21909246282.5,2.095557418273261e-05
LIVER,S3,10,52724,7284,4568,2716,28979473964.5,2.1891418563922943e-05
LIVER,S4,10,52724,7569,4857,2712,38002268586.0,4.117768169652048e-05
LIVER,S5,10,52724,7634,4921,2713,35781181958.0,0.0
LIVER,S6,10,52724,7095,4379,2716,49129731510.0,0.0
WAT-SC,S1,10,49530,5273,3318,1955,9861599111.255001,0.0
WAT-SC,S2,10,49530,5392,3365,2027,13244088434.335,0.0
WAT-SC,S3,10,49530,5758,3713,2045,14923764800.579998,0.0
WAT-SC,S4,10,49530,5443,3472,1971,12981557295.44,2.880184331797235e-05
WAT-SC,S5,10,49530,5114,3177,1937,13638971665.295,0.0002518098835379289
WAT-SC,S6,10,49530,5473,3453,2020,12662179469.085,5.792064871126556e-05
