class,intercept,ENSRNOG00000000428,ENSRNOG00000003336,ENSRNOG00000004632,ENSRNOG00000007632,ENSRNOG00000009735,ENSRNOG00000013600,ENSRNOG00000014414,ENSRNOG00000015557,ENSRNOG00000016385,ENSRNOG00000017531,ENSRNOG00000021575,ENSRNOG00000021771,ENSRNOG00000028114,ENSRNOG00000028423,ENSRNOG00000028531,ENSRNOG00000030386,ENSRNOG00000039906,ENSRNOG00000043414,ENSRNOG00000049607,ENSRNOG00000051993
ADRNL,-0.14976633387225224,0.7272482850522956,-0.155974521942364,-0.07450510891414944,-0.07687920438124848,-0.04739217406553198,-0.03615465358689103,0.6982954125029277,-0.05996913368461049,-0.08840808699202643,-0.04834303730144014,-0.05002466264297318,-0.09739727497473706,-0.05964014435274152,0.23183211349093058,-0.04760696672435612,-0.05795248944762986,-0.05309384575514854,-0.06736205022151695,-0.08984471585388724,0.1317811794495255
BAT,0.44984733751030215,-0.045899089703781704,-0.014126114033378205,-0.09612241141029759,0.1751927201586485,-0.12532313754366778,-0.05898359022454976,-0.18567654273874315,-0.0692017135906315,-0.11400686238638152,0.11176626678448076,-0.08795388652616469,-0.22913576639810096,-0.1401848302810254,1.2307154289760152,-0.09772769954103419,-0.09612383343054476,-0.08741881901920844,0.017642076213331002,-0.3047099522352934,-0.15817860660878186
BLOOD,0.04708215599621377,-0.12724960071709343,0.09766157627401016,-0.07746579355946773,-0.27108384799574886,-0.10783666965101203,-0.055888796334362105,0.024909262397053784,-0.0717260882080604,-0.11343995579596194,-0.08369792261173155,-0.07244493851448919,-0.08383862614737768,1.2272088101673588,-0.12133886562009501,-0.07895831980314659,-0.0793100427271408,-0.0636090935911933,-0.18978164080834975,-0.10420835673713257,-0.24318450032318276
COLON,0.04581412727424302,0.0028619340431446996,-0.18596844031454013,-0.06414117609553717,-0.05660686115692638,-0.08948262944295428,-0.05022495591467323,-0.07219851526123666,-0.07265982475831712,-0.052252141850012125,-0.10379426493741564,-0.05966798310427887,-0.06989806317812489,-0.10171892121184298,-0.1355941396037839,-0.010031168598928076,-0.07544859086625419,1.203922097782263,0.045333387682381834,-0.10152041881977417,-0.019502558794228464
CORTEX,0.36903694273234516,-0.10452799527961203,-0.03307561216287457,-0.008995110743076271,-0.14010603545451136,-0.2356849005308262,-0.06648799866153571,0.08886461518339803,-0.0816874850279022,1.4602215488397603,-0.09060132327530088,-0.09065862619337856,-0.09500748637000633,-0.10734252270192692,-0.12476949512863318,-0.09579888647646971,-0.08004091299697122,-0.09335685164276422,-0.13170494034797525,-0.10784834068552114,-0.20845205775166145
HEART,0.10658956698564549,-0.07443688106919447,-0.2353690440728785,-0.08179538253961223,-0.23524663172573337,-0.11534028318785215,-0.07078201769828331,-0.07435552708080673,-0.09757485096970882,-0.12198985152928848,-0.09066420379778917,-0.12557273547693054,-0.11571629277677216,-0.13331623245788812,-0.2063687712800097,-0.1224204724153752,-0.12132990387126445,-0.09199432267959336,-0.1353237548183679,1.1242737795900566,-0.41691109023036904
HIPPOC,-0.09744605006341515,-0.05681485729932178,0.10585957055676799,-0.0458594791690159,-0.15518398498446753,1.3581512524787238,-0.03487885407110385,-0.11169652101382171,-0.03740676956748017,0.09073845270000112,-0.0812261610632881,-0.03653652330327726,-0.03200636196567394,-0.048223733404922565,-0.1299896340686734,-0.03715906733664404,-0.03829150348419817,-0.04509428419388364,-0.0659420852559615,-0.0638611388892895,0.4381451240349991
HYPOTH,0.14608724791888789,-0.07810286316448543,0.028435201156694706,1.1108299183076793,-0.1477007630019379,0.31073702804959713,-0.05403435126528299,0.11575090671405622,-0.05384650645172001,-0.0305111913783372,-0.09014514059635917,-0.06343752645792274,-0.07005555904990343,-0.07922892250663566,-0.02872974729833411,-0.0636079582032335,-0.060746975758504136,-0.06188099181049293,-0.10072322462628956,-0.06655247523124036,0.016260658052287283
KIDNEY,-0.0030709667567287388,-0.000577648221557747,-0.2211144025983546,-0.0694646544536109,-0.1158279878519528,-0.07124003781622906,-0.05956612699826322,-0.0017586646150659262,1.1534075814764397,-0.09455790828511397,-0.1055878251318341,-0.07795244196758846,0.18550775014400492,-0.0726959126014888,-0.11819366288154222,-0.075742275432226,-0.07202750662759368,-0.06962821262361796,-0.09862334632856931,-0.1035138116439374,-0.09008598213579225
LIVER,-0.045473280916928316,-0.03541339560583917,-0.2158715547974293,-0.0695978520396381,-0.21175461774693294,-0.10446486160143091,-0.055975492962358826,-0.0676518617659421,-0.07493664381986974,-0.10194920241182084,0.024288878692950527,1.1392485467190494,-0.0882000735075289,-0.09615518884623585,-0.1354946907591762,-0.09568380265271129,-0.0738261396497823,-0.08034661579032663,-0.10014824348549728,-0.11599933780442642,-0.12295386647205986
LUNG,0.06121069662639044,-0.016514444150198405,-0.13349069955790846,-0.06635116740967255,-0.03341335860128155,-0.09940599578973508,-0.0608615973535153,-0.004354324261017345,-0.07137491832865277,-0.09632635837958138,-0.08567551495145667,-0.07469772006981312,-0.03818402844096673,-0.06713803462552165,-0.13066422587160992,-0.08274017926034928,1.2213620178081301,-0.07337453415480726,0.037900123700782475,-0.03806766686530923,-0.05588599950266998
OVARY,-0.5366333701180938,-0.03529262899447463,-0.1825747869096539,-0.036449276038516186,0.008112281481541955,-0.053755941120494886,-0.026154767353279866,-0.019705152243389465,-0.03824039587666116,-0.05656474700898958,1.0231785077189466,-0.07678646341517294,-0.09020504488834395,-0.0502045643662191,-0.12197332128867959,-0.04681752639394366,-0.032107762215804386,-0.012091569559271462,-0.02823126890089741,-0.05376123212561901,0.00885640354626814
SKM-GN,0.2931279253013894,-0.11653970078582883,-0.05589852001535291,-0.06287953987549853,1.4460456825934067,-0.10032564832568414,-0.07914396161181943,-0.07880226916370471,-0.06107230894764811,-0.11283871878329434,-0.015622863614369929,-0.05020981949512621,-0.12174741418978258,-0.08312238599594783,-0.25436782035602734,-0.0962989604131124,-0.10047615357630152,-0.08874455946653255,-0.20868970694570313,-0.08425867404986138,0.0013114986164095169
SKM-VL,0.031548555541235125,-0.04918961970389016,1.4766527557931026,-0.09299872720874755,0.06423137194949007,-0.14217681505526994,-0.06627663775795674,-0.058828169352674084,-0.03377269578397476,-0.14232731939733634,-0.12481810264662421,-0.0376359625584681,-0.10100050349384325,-0.19373496070569823,-0.17416268159120366,-0.05454374084533698,-0.06361682166206017,-0.04415152777012607,-0.1759902927519715,-0.07040283424921902,-0.2950944453711014
SMLINT,-0.003210697070830819,-0.042301107688023754,-0.19538299766016598,-0.06489859984125886,-0.06504326795210773,-0.04656006250817557,-0.07069225540838887,-0.06864198173834733,-0.07468120082643662,-0.07953239435237773,-0.05294856340690896,-0.06900805973634865,-0.08453985971123133,-0.10788855151484308,-0.11876800992608469,1.178327940909007,-0.06673329334223449,-0.10374921629978065,0.007210605023538416,-0.10669523233123974,-0.2079081328598764
SPLEEN,-0.11431548008269844,0.047389859008545566,0.015780834587705895,-0.03910800316623017,0.09289356544834819,-0.07028654374117198,-0.03391361231440736,-0.0009543501819924071,-0.04252513115830973,-0.07039172074643207,-0.10246579348348282,-0.05115212314602995,-0.13784157025785515,0.22050875771338024,-0.11947121518692434,-0.09364754227874388,-0.09435353564186864,-0.09370402012137383,1.249614232620409,-0.06227786415800202,-0.16906615900952404
TESTES,-0.637525107654082,-0.05037032954346732,-0.04172391786727874,-0.0333532477201408,-0.01788463408446321,-0.015389174442094531,0.9609491869695332,0.034228726979094654,-0.03606808271938248,-0.0554553043700749,-0.05868487540464948,-0.02996413871610903,0.059827818604500135,-0.0534167856624511,-0.07091567197051644,-0.0012265642288991651,-0.014150158918389067,-0.037576376586577455,-0.06777793490718505,-0.05139126989801495,-0.0997460455329469
VENACV,0.04931140386768373,0.02564853425816042,-0.08257501215212243,-0.07748323087481448,-0.2753339013258657,-0.1509960617556179,-0.024278333412502566,-0.1540424294501995,-0.05650942320638866,-0.13753799322247506,-0.24488244134859505,-0.03824804547506354,0.04065741284171247,0.013319184865617196,0.6823484214319835,-0.034557241002234874,-0.029644365810758515,-0.06084465426372984,-0.13038425164859235,0.5083864033056036,1.087201802201795
WAT-SC,-0.012214673219434195,0.03008154956462439,0.028755685716019056,-0.04936115724839632,0.015589474631743445,-0.09322734395057108,-0.056651184040359355,-0.0633826149095867,-0.12015440855068461,-0.08287024465025779,0.21992438037486745,-0.047296889919913924,1.1687809437600307,-0.06702506151096664,-0.15409401106763454,-0.04375956930226253,-0.0651820277808311,-0.04326260245383305,0.1429823158064343,-0.10774686131789281,0.4034127786909085
