part,arm,comparison,excl_BATcontam_VENACV,n_animals_1,n_animals_2,paired,d_accuracy,d_accuracy_lo,d_accuracy_hi,d_coverage,d_coverage_lo,d_coverage_hi,d_empty_rate,d_empty_rate_lo,d_empty_rate_hi,d_mean_set_size,d_mean_set_size_lo,d_mean_set_size_hi
5,full,1w - 8w (control-only model),False,10,10,False,-0.03888888888888886,-0.061111111111111116,-0.01666666666666672,-0.022222222222222143,-0.06666666666666665,0.022222222222222254,-0.00555555555555555,-0.04444444444444444,0.033333333333333326,0.005555555555555647,-0.033333333333333326,0.0444444444444444
5,full,2w - 8w (control-only model),False,10,10,False,-0.033333333333333326,-0.05555555555555558,-0.011111111111111072,-0.011111111111111072,-0.050000000000000044,0.033333333333333326,0.011111111111111113,-0.033333333333333326,0.05,-0.011111111111111072,-0.050000000000000044,0.033333333333333326
5,full,4w - 8w (control-only model),False,10,10,False,-0.011173184357541888,-0.03351955307262566,0.0,-0.0006207324643078271,-0.047414772727272736,0.0444444444444444,-0.010552451893234005,-0.05,0.029088639200998745,0.01055245189323406,-0.02908863920099869,0.04999999999999993
5,full,1w - 8w (control-only model),True,10,10,False,-0.011428571428571455,-0.02840909090909094,0.0,0.0025396825396826195,-0.037739463601532575,0.04229797979797978,-0.00825396825396825,-0.0469396551724138,0.030438401875901827,0.008253968253968291,-0.03043840187590181,0.04693965517241372
5,full,2w - 8w (control-only model),True,10,10,False,-0.005714285714285672,-0.017341040462427793,0.0,0.013968253968253963,-0.02132428940568468,0.04900280898876399,-0.013968253968253963,-0.04900280898876405,0.02132428940568473,0.013968253968253963,-0.02132428940568468,0.04900280898876399
5,full,4w - 8w (control-only model),True,10,10,False,-0.011173184357541888,-0.03351955307262566,0.0,-0.0006207324643078271,-0.04787545093795101,0.04444444444444451,-0.010552451893234005,-0.05,0.029151061173533083,0.01055245189323406,-0.029151061173533055,0.050000000000000044
5,panel_k20,1w - 8w (control-only model),False,10,10,False,-0.02777777777777779,-0.07222222222222219,0.016666666666666607,-0.033333333333333326,-0.08333333333333337,0.022222222222222147,0.005555555555555564,-0.04444444444444444,0.05555555555555555,-0.005555555555555536,-0.05555555555555558,0.0444444444444444
5,panel_k20,2w - 8w (control-only model),False,10,10,False,-0.011111111111111072,-0.03888888888888886,0.016666666666666607,-0.022222222222222143,-0.061111111111111116,0.01666666666666672,0.005555555555555564,-0.03333333333333334,0.03888888888888889,-0.005555555555555536,-0.03888888888888886,0.033333333333333326
5,panel_k20,4w - 8w (control-only model),False,10,10,False,-0.005741775294847873,-0.03888888888888886,0.02209882534271794,-0.0004655493482308426,-0.03888888888888886,0.03888888888888886,-0.021880819366852884,-0.05555555555555556,0.0063670411985018716,0.021880819366852933,-0.006367041198501844,0.05555555555555558
5,panel_k20,1w - 8w (control-only model),True,10,10,False,-0.0007936507936507908,-0.03596656018659365,0.03288552066911889,-0.008095238095238044,-0.05402918964409899,0.03750315656565653,0.0023809523809523864,-0.04317460317460318,0.04827586206896552,-0.0023809523809523725,-0.0482758620689655,0.0431746031746032
5,panel_k20,2w - 8w (control-only model),True,10,10,False,0.016349206349206336,-0.006704980842911823,0.03876266172965602,0.0033333333333334103,-0.0262684649967887,0.03794740155314328,-0.003333333333333327,-0.037947401553143315,0.0262684649967887,0.0033333333333334103,-0.0262684649967887,0.03794740155314328
5,panel_k20,4w - 8w (control-only model),True,10,10,False,-0.005741775294847873,-0.03361266294227183,0.022098075729360622,-0.0004655493482308426,-0.03888888888888897,0.03858007448789566,-0.021880819366852884,-0.05555555555555555,0.011111111111111113,0.021880819366852933,-0.011111111111111072,0.05555555555555547
6,full,a_control+1w - b_control+1w+2w+4w (same 8w animals),False,10,10,True,0.0,0.0,0.0,0.02777777777777779,0.005555555555555536,0.050000000000000044,-0.027777777777777776,-0.05,-0.005555555555555557,0.02777777777777779,0.005555555555555536,0.050000000000000044
6,full,c_control+4w - b_control+1w+2w+4w (same 8w animals),False,10,10,True,-0.005555555555555536,-0.01666666666666672,0.0,0.022222222222222143,-0.005555555555555536,0.050000000000000044,-0.022222222222222227,-0.049999999999999996,0.00555555555555555,0.022222222222222143,-0.005555555555555536,0.050000000000000044
6,full,d_control_only - b_control+1w+2w+4w (same 8w animals),False,10,10,True,0.0,0.0,0.0,-0.005555555555555647,-0.033333333333333326,0.02777777777777768,0.00555555555555555,-0.027777777777777762,0.033333333333333326,-0.005555555555555647,-0.033333333333333326,0.02777777777777768
6,panel_k20,a_control+1w - b_control+1w+2w+4w (same 8w animals),False,10,10,True,-0.005555555555555647,-0.016666666666666607,0.0,0.0444444444444444,0.01666666666666672,0.0722222222222223,-0.04444444444444444,-0.07222222222222223,-0.016666666666666663,0.0444444444444444,0.01666666666666672,0.0722222222222223
6,panel_k20,c_control+4w - b_control+1w+2w+4w (same 8w animals),False,10,10,True,-0.005555555555555647,-0.01666666666666672,0.0,0.033333333333333326,-0.005555555555555536,0.06666666666666665,-0.033333333333333326,-0.06666666666666667,0.00555555555555555,0.033333333333333326,-0.005555555555555536,0.06666666666666665
6,panel_k20,d_control_only - b_control+1w+2w+4w (same 8w animals),False,10,10,True,-0.01666666666666672,-0.033333333333333326,0.0,0.04999999999999993,0.005555555555555536,0.09444444444444444,-0.05,-0.09444444444444444,-0.00555555555555555,0.04999999999999993,0.005555555555555536,0.09444444444444444
