y_true,ADRNL,BAT,BLOOD,COLON,CORTEX,HEART,HIPPOC,HYPOTH,KIDNEY,LIVER,LUNG,OVARY,SKM-GN,SKM-VL,SMLINT,SPLEEN,TESTES,VENACV,WAT-SC
ADRNL,49,1,0,0,0,0,0,0,0,0,0,0,0,0,0,0,0,0,0
BAT,0,50,0,0,0,0,0,0,0,0,0,0,0,0,0,0,0,0,0
BLOOD,0,0,50,0,0,0,0,0,0,0,0,0,0,0,0,0,0,0,0
COLON,0,0,0,50,0,0,0,0,0,0,0,0,0,0,0,0,0,0,0
CORTEX,0,0,0,0,50,0,0,0,0,0,0,0,0,0,0,0,0,0,0
HEART,0,0,0,0,0,50,0,0,0,0,0,0,0,0,0,0,0,0,0
HIPPOC,0,0,0,0,0,0,49,1,0,0,0,0,0,0,0,0,0,0,0
HYPOTH,0,0,0,0,0,0,1,49,0,0,0,0,0,0,0,0,0,0,0
KIDNEY,0,0,0,0,0,0,0,0,50,0,0,0,0,0,0,0,0,0,0
LIVER,0,0,0,0,0,0,0,0,0,50,0,0,0,0,0,0,0,0,0
LUNG,0,0,0,0,0,0,0,0,0,0,50,0,0,0,0,0,0,0,0
OVARY,0,0,0,0,0,0,0,0,0,0,0,24,0,0,0,0,0,0,0
SKM-GN,0,0,0,0,0,0,0,0,0,0,0,0,50,0,0,0,0,0,0
SKM-VL,0,0,0,0,0,0,0,0,0,0,0,0,0,50,0,0,0,0,0
SMLINT,0,0,0,0,0,0,0,0,0,0,0,0,0,0,50,0,0,0,0
SPLEEN,0,0,0,0,0,0,0,0,0,0,0,0,0,0,0,50,0,0,0
TESTES,0,0,0,0,0,0,0,0,0,0,0,0,0,0,0,0,25,0,0
VENACV,2,0,0,0,0,0,0,0,0,0,0,0,0,0,0,0,0,48,0
WAT-SC,0,0,0,0,0,0,0,0,0,0,0,0,0,0,0,0,0,0,50
