model,conformal,organ,n,coverage,frac_empty,avg_set_size
k20,marginal,Adrenal,8,0.625,0.375,0.625
k20,marginal,Brain,8,0.0,1.0,0.0
k20,marginal,Heart,8,1.0,0.0,1.0
k20,marginal,Kidney,8,0.875,0.125,0.875
k20,marginal,Liver,8,1.0,0.0,1.0
k20,marginal,Lung,8,0.0,1.0,0.0
k20,marginal,Muscle,8,0.375,0.625,0.375
k20,marginal,Spleen,8,0.875,0.125,0.875
k20,marginal,Testes,4,1.0,0.0,1.0
k20,marginal,Thymus,8,,0.75,0.25
k20,marginal,Uterus,4,,1.0,0.0
k20,mondrian,Adrenal,8,0.5,0.0,2.875
k20,mondrian,Brain,8,0.0,0.0,2.0
k20,mondrian,Heart,8,0.875,0.0,3.0
k20,mondrian,Kidney,8,0.0,0.0,2.0
k20,mondrian,Liver,8,0.0,0.0,2.0
k20,mondrian,Lung,8,0.0,0.0,2.25
k20,mondrian,Muscle,8,1.0,0.0,3.0
k20,mondrian,Spleen,8,0.0,0.0,2.0
k20,mondrian,Testes,4,1.0,0.0,2.0
k20,mondrian,Thymus,8,,0.0,2.125
k20,mondrian,Uterus,4,,0.0,2.0
k20,floored,Adrenal,8,0.625,0.0,3.0
k20,floored,Brain,8,0.0,0.0,2.0
k20,floored,Heart,8,1.0,0.0,3.125
k20,floored,Kidney,8,0.875,0.0,2.875
k20,floored,Liver,8,1.0,0.0,3.0
k20,floored,Lung,8,0.0,0.0,2.25
k20,floored,Muscle,8,1.0,0.0,3.0
k20,floored,Spleen,8,0.875,0.0,2.875
k20,floored,Testes,4,1.0,0.0,2.0
k20,floored,Thymus,8,,0.0,2.25
k20,floored,Uterus,4,,0.0,2.0
k50,marginal,Adrenal,8,0.75,0.25,0.75
k50,marginal,Brain,8,0.0,1.0,0.0
k50,marginal,Heart,8,0.875,0.125,0.875
k50,marginal,Kidney,8,1.0,0.0,1.0
k50,marginal,Liver,8,0.875,0.0,1.0
k50,marginal,Lung,8,0.0,1.0,0.0
k50,marginal,Muscle,8,0.75,0.25,0.75
k50,marginal,Spleen,8,0.875,0.125,0.875
k50,marginal,Testes,4,1.0,0.0,1.0
k50,marginal,Thymus,8,,1.0,0.0
k50,marginal,Uterus,4,,1.0,0.0
k50,mondrian,Adrenal,8,0.5,0.0,2.625
k50,mondrian,Brain,8,0.0,0.0,2.0
k50,mondrian,Heart,8,0.0,0.0,2.125
k50,mondrian,Kidney,8,0.0,0.0,2.0
k50,mondrian,Liver,8,0.0,0.0,2.0
k50,mondrian,Lung,8,0.0,0.0,2.5
k50,mondrian,Muscle,8,1.0,0.0,3.0
k50,mondrian,Spleen,8,0.0,0.0,2.0
k50,mondrian,Testes,4,1.0,0.0,2.0
k50,mondrian,Thymus,8,,0.0,2.5
k50,mondrian,Uterus,4,,0.0,2.0
k50,floored,Adrenal,8,0.75,0.0,2.875
k50,floored,Brain,8,0.0,0.0,2.0
k50,floored,Heart,8,0.875,0.0,3.0
k50,floored,Kidney,8,1.0,0.0,3.0
k50,floored,Liver,8,0.875,0.0,3.0
k50,floored,Lung,8,0.0,0.0,2.5
k50,floored,Muscle,8,1.0,0.0,3.0
k50,floored,Spleen,8,0.875,0.0,2.875
k50,floored,Testes,4,1.0,0.0,2.0
k50,floored,Thymus,8,,0.0,2.5
k50,floored,Uterus,4,,0.0,2.0
full,marginal,Adrenal,8,0.875,0.125,0.875
full,marginal,Brain,8,0.0,1.0,0.0
full,marginal,Heart,8,0.875,0.125,0.875
full,marginal,Kidney,8,1.0,0.0,1.0
full,marginal,Liver,8,0.875,0.125,0.875
full,marginal,Lung,8,0.875,0.125,0.875
full,marginal,Muscle,8,0.0,1.0,0.0
full,marginal,Spleen,8,1.0,0.0,1.0
full,marginal,Testes,4,1.0,0.0,1.0
full,marginal,Thymus,8,,1.0,0.0
full,marginal,Uterus,4,,1.0,0.0
full,mondrian,Adrenal,8,0.875,0.0,2.875
full,mondrian,Brain,8,0.0,0.0,2.0
full,mondrian,Heart,8,0.0,0.0,2.0
full,mondrian,Kidney,8,0.625,0.0,2.625
full,mondrian,Liver,8,0.0,0.0,2.0
full,mondrian,Lung,8,0.0,0.0,2.0
full,mondrian,Muscle,8,0.375,0.0,2.375
full,mondrian,Spleen,8,0.0,0.0,2.0
full,mondrian,Testes,4,1.0,0.0,2.0
full,mondrian,Thymus,8,,0.0,2.0
full,mondrian,Uterus,4,,0.0,2.0
full,floored,Adrenal,8,0.875,0.0,2.875
full,floored,Brain,8,0.0,0.0,2.0
full,floored,Heart,8,0.875,0.0,2.875
full,floored,Kidney,8,1.0,0.0,3.0
full,floored,Liver,8,0.875,0.0,2.875
full,floored,Lung,8,0.875,0.0,2.875
full,floored,Muscle,8,0.375,0.0,2.375
full,floored,Spleen,8,1.0,0.0,3.0
full,floored,Testes,4,1.0,0.0,2.0
full,floored,Thymus,8,,0.0,2.0
full,floored,Uterus,4,,0.0,2.0
