model,n_recal,draw,chosen,q_t,n_cal_scores
k20,3,0,f_21_3;f_21_1;m_21_4,0.5312888148523913,25
k20,3,1,m_21_1;f_21_3;f_21_2,0.5991191408442915,25
k20,3,2,f_21_3;f_21_1;f_21_2,0.5312888148523913,24
k20,3,3,f_21_2;f_21_3;m_21_1,0.5991191408442915,25
k20,3,4,f_21_1;m_21_4;m_21_2,0.5312888148523913,26
k20,3,5,m_21_1;f_21_3;m_21_3,0.5991191408442915,26
k20,3,6,m_21_4;f_21_1;m_21_3,0.5743793298182465,26
k20,3,7,f_21_3;f_21_4;f_21_1,0.4882692534035651,24
k20,3,8,f_21_1;m_21_3;m_21_4,0.5743793298182465,26
k20,3,9,m_21_1;f_21_1;m_21_4,0.5743793298182465,26
k20,3,10,m_21_4;m_21_3;f_21_3,0.5743793298182465,26
k20,3,11,m_21_2;f_21_1;f_21_3,0.4965713809351342,25
k20,3,12,f_21_1;m_21_2;m_21_1,0.5312888148523913,26
k20,3,13,f_21_3;m_21_3;f_21_1,0.5312888148523913,25
k20,3,14,f_21_2;f_21_1;m_21_2,0.5312888148523913,25
k20,3,15,m_21_3;f_21_3;f_21_2,0.647552569818081,25
k20,3,16,f_21_2;m_21_1;f_21_1,0.5991191408442915,25
k20,3,17,f_21_2;m_21_3;m_21_4,0.647552569818081,26
k20,3,18,f_21_1;m_21_2;m_21_4,0.5312888148523913,26
k20,3,19,m_21_2;m_21_3;f_21_3,0.4965713809351342,26
k20,5,0,f_21_4;m_21_4;f_21_2;m_21_1;m_21_2,0.5236813387880135,43
k20,5,1,m_21_2;m_21_3;m_21_4;f_21_2;f_21_3,0.4965713809351342,43
k20,5,2,f_21_4;f_21_3;m_21_4;m_21_1;f_21_2,0.5236813387880135,42
k20,5,3,m_21_4;f_21_4;m_21_3;f_21_1;m_21_1,0.5312888148523913,43
k20,5,4,m_21_1;m_21_3;m_21_2;f_21_4;f_21_3,0.4965713809351342,43
k20,5,5,m_21_4;f_21_2;m_21_3;m_21_1;f_21_1,0.5743793298182465,43
k20,5,6,f_21_1;m_21_2;m_21_3;m_21_1;f_21_3,0.5236813387880135,43
k20,5,7,f_21_4;f_21_1;f_21_2;m_21_2;m_21_1,0.5236813387880135,42
k20,5,8,m_21_1;m_21_4;m_21_2;f_21_2;f_21_1,0.5312888148523913,43
k20,5,9,m_21_2;f_21_3;m_21_4;f_21_1;f_21_4,0.4882692534035651,42
k20,5,10,f_21_3;m_21_2;f_21_2;f_21_4;m_21_3,0.4882692534035651,42
k20,5,11,f_21_4;m_21_4;f_21_3;m_21_3;m_21_2,0.4882692534035651,43
k20,5,12,f_21_2;m_21_2;f_21_4;f_21_3;m_21_3,0.4882692534035651,42
k20,5,13,m_21_1;f_21_1;m_21_4;m_21_3;m_21_2,0.5312888148523913,44
k20,5,14,m_21_3;f_21_4;m_21_2;f_21_1;m_21_4,0.4965713809351342,43
k20,5,15,f_21_4;f_21_1;m_21_3;f_21_2;m_21_4,0.5312888148523913,42
k20,5,16,m_21_3;f_21_2;m_21_1;m_21_4;m_21_2,0.5743793298182465,44
k20,5,17,m_21_2;f_21_2;m_21_4;m_21_3;f_21_1,0.5312888148523913,43
k20,5,18,f_21_4;f_21_1;f_21_2;f_21_3;m_21_3,0.4882692534035651,41
k20,5,19,m_21_4;f_21_1;f_21_4;m_21_1;f_21_3,0.5236813387880135,42
k50,3,0,f_21_4;m_21_4;f_21_3,0.40186545720229927,25
k50,3,1,f_21_3;f_21_2;m_21_2,0.40652034046012253,25
k50,3,2,f_21_2;m_21_4;m_21_2,0.40652034046012253,26
k50,3,3,f_21_1;m_21_1;m_21_2,0.4522523456592258,26
k50,3,4,f_21_1;m_21_1;m_21_3,0.5065470355513964,26
k50,3,5,m_21_2;m_21_3;f_21_1,0.5065470355513964,26
k50,3,6,m_21_2;f_21_4;m_21_3,0.5065470355513964,26
k50,3,7,f_21_4;m_21_4;m_21_1,0.4522523456592258,26
k50,3,8,m_21_2;m_21_4;f_21_4,0.4036375533123281,26
k50,3,9,f_21_3;m_21_1;m_21_4,0.4522523456592258,26
k50,3,10,f_21_3;f_21_2;m_21_3,0.5065470355513964,25
k50,3,11,f_21_4;f_21_1;m_21_4,0.4036375533123281,25
k50,3,12,f_21_1;f_21_4;m_21_1,0.4522523456592258,25
k50,3,13,m_21_4;f_21_2;f_21_1,0.41012020731431065,25
k50,3,14,m_21_1;m_21_4;f_21_1,0.4522523456592258,26
k50,3,15,m_21_2;m_21_1;f_21_3,0.4522523456592258,26
k50,3,16,m_21_1;m_21_4;f_21_1,0.4522523456592258,26
k50,3,17,f_21_1;f_21_4;m_21_1,0.4522523456592258,25
k50,3,18,f_21_2;f_21_3;m_21_3,0.5065470355513964,25
k50,3,19,m_21_1;f_21_4;m_21_3,0.5065470355513964,26
k50,5,0,f_21_3;m_21_4;f_21_1;f_21_4;m_21_3,0.40955339050157136,42
k50,5,1,f_21_1;m_21_4;m_21_1;m_21_2;f_21_2,0.41012020731431065,43
k50,5,2,f_21_4;m_21_3;m_21_2;f_21_1;f_21_3,0.40955339050157136,42
k50,5,3,m_21_4;m_21_2;m_21_1;m_21_3;f_21_4,0.4522523456592258,44
k50,5,4,m_21_4;m_21_1;f_21_2;m_21_2;m_21_3,0.4522523456592258,44
k50,5,5,m_21_2;f_21_2;f_21_4;f_21_1;f_21_3,0.4036375533123281,41
k50,5,6,f_21_1;f_21_3;m_21_3;m_21_4;m_21_1,0.4522523456592258,43
k50,5,7,m_21_1;m_21_3;f_21_3;f_21_1;f_21_2,0.4522523456592258,42
k50,5,8,m_21_2;m_21_4;f_21_4;m_21_1;f_21_2,0.40652034046012253,43
k50,5,9,m_21_2;f_21_3;m_21_1;m_21_4;m_21_3,0.4522523456592258,44
k50,5,10,m_21_2;f_21_2;f_21_4;f_21_1;m_21_4,0.4036375533123281,42
k50,5,11,m_21_1;f_21_1;f_21_3;m_21_3;m_21_2,0.4522523456592258,43
k50,5,12,m_21_2;f_21_4;f_21_1;f_21_2;m_21_3,0.41012020731431065,42
k50,5,13,m_21_2;f_21_2;f_21_1;m_21_3;m_21_4,0.41012020731431065,43
k50,5,14,m_21_3;m_21_4;m_21_1;f_21_1;f_21_4,0.4522523456592258,43
k50,5,15,f_21_2;m_21_3;m_21_2;m_21_1;f_21_4,0.4522523456592258,43
k50,5,16,f_21_3;m_21_3;f_21_4;f_21_2;m_21_2,0.40955339050157136,42
k50,5,17,m_21_4;f_21_4;m_21_2;f_21_3;m_21_1,0.4036375533123281,43
k50,5,18,f_21_1;m_21_1;f_21_2;m_21_2;m_21_4,0.41012020731431065,43
k50,5,19,f_21_4;m_21_1;m_21_4;f_21_2;f_21_3,0.4036375533123281,42
full,3,0,f_21_1;f_21_2;m_21_1,0.40842574077418536,25
full,3,1,f_21_3;f_21_1;m_21_3,0.4091355179635342,25
full,3,2,f_21_4;f_21_3;f_21_2,0.4334011647642533,24
full,3,3,m_21_1;f_21_4;f_21_3,0.40842574077418536,25
full,3,4,f_21_1;f_21_3;m_21_3,0.4091355179635342,25
full,3,5,m_21_4;f_21_1;f_21_4,0.32445560882892743,25
full,3,6,m_21_2;f_21_1;f_21_3,0.4461512785068633,25
full,3,7,m_21_1;m_21_3;f_21_4,0.40842574077418536,26
full,3,8,m_21_1;f_21_3;f_21_1,0.40842574077418536,25
full,3,9,m_21_4;m_21_1;f_21_1,0.3528263775750563,26
full,3,10,f_21_4;f_21_3;m_21_1,0.40842574077418536,25
full,3,11,f_21_1;m_21_2;f_21_3,0.4461512785068633,25
full,3,12,f_21_3;m_21_1;f_21_2,0.4334011647642533,25
full,3,13,f_21_3;m_21_3;m_21_1,0.4091355179635342,26
full,3,14,f_21_1;m_21_2;m_21_4,0.3528263775750563,26
full,3,15,m_21_3;f_21_2;f_21_4,0.4091355179635342,25
full,3,16,f_21_1;m_21_3;m_21_2,0.4091355179635342,26
full,3,17,f_21_3;m_21_4;f_21_1,0.3528263775750563,25
full,3,18,m_21_3;m_21_2;f_21_4,0.4091355179635342,26
full,3,19,f_21_3;m_21_2;f_21_4,0.4461512785068633,25
full,5,0,f_21_4;m_21_1;m_21_4;f_21_3;m_21_2,0.3528263775750563,43
full,5,1,f_21_4;f_21_2;m_21_4;m_21_2;m_21_3,0.3528263775750563,43
full,5,2,f_21_3;m_21_4;m_21_3;m_21_2;f_21_1,0.3528263775750563,43
full,5,3,m_21_1;m_21_2;f_21_4;m_21_3;f_21_3,0.40842574077418536,43
full,5,4,f_21_2;m_21_3;m_21_2;f_21_1;m_21_1,0.40842574077418536,43
full,5,5,m_21_2;f_21_4;m_21_3;f_21_3;m_21_4,0.3528263775750563,43
full,5,6,m_21_1;m_21_2;f_21_3;m_21_4;f_21_2,0.40842574077418536,43
full,5,7,f_21_3;m_21_3;m_21_2;f_21_4;m_21_4,0.3528263775750563,43
full,5,8,m_21_3;m_21_1;m_21_2;f_21_4;f_21_1,0.32445560882892743,43
full,5,9,m_21_2;f_21_3;f_21_2;m_21_1;m_21_4,0.40842574077418536,43
full,5,10,m_21_1;f_21_2;m_21_3;m_21_2;f_21_4,0.40842574077418536,43
full,5,11,m_21_1;f_21_1;m_21_2;f_21_3;m_21_3,0.40842574077418536,43
full,5,12,m_21_1;f_21_1;f_21_4;m_21_2;m_21_3,0.32445560882892743,43
full,5,13,m_21_1;m_21_4;f_21_2;f_21_1;f_21_4,0.32445560882892743,42
full,5,14,f_21_4;m_21_3;f_21_1;m_21_1;f_21_2,0.32445560882892743,42
full,5,15,m_21_4;f_21_2;m_21_2;m_21_3;f_21_1,0.3528263775750563,43
full,5,16,m_21_4;f_21_2;f_21_1;f_21_3;m_21_2,0.3528263775750563,42
full,5,17,f_21_4;f_21_1;m_21_2;f_21_3;m_21_1,0.32445560882892743,42
full,5,18,f_21_2;f_21_1;m_21_4;f_21_4;m_21_3,0.32445560882892743,42
full,5,19,f_21_3;f_21_1;f_21_4;m_21_2;m_21_3,0.32445560882892743,42
