organ,ADRNL,BAT,BLOOD,COLON,CORTEX,HEART,HIPPOC,HYPOTH,KIDNEY,LIVER,LUNG,OVARY,SKM-GN,SKM-VL,SMLINT,SPLEEN,TESTES,VENACV,WAT-SC
Adrenal,8,0,0,0,0,0,0,0,0,0,0,0,0,0,0,0,0,0,0
Brain,0,0,0,0,0,0,8,0,0,0,0,0,0,0,0,0,0,0,0
Heart,0,0,0,0,0,8,0,0,0,0,0,0,0,0,0,0,0,0,0
Kidney,0,0,0,0,0,0,0,0,8,0,0,0,0,0,0,0,0,0,0
Liver,0,0,0,0,0,0,0,0,0,7,0,0,0,0,1,0,0,0,0
Lung,0,0,0,0,0,0,0,0,0,0,8,0,0,0,0,0,0,0,0
Muscle,0,0,0,0,0,0,0,0,0,0,0,0,8,0,0,0,0,0,0
Spleen,0,0,0,0,0,0,0,0,0,0,0,0,0,0,0,8,0,0,0
Testes,0,0,0,0,0,0,0,0,0,0,0,0,0,0,0,0,4,0,0
Thymus,0,5,0,0,0,0,0,1,0,0,0,0,0,0,2,0,0,0,0
Uterus,0,0,0,1,0,0,0,0,0,0,0,0,0,0,3,0,0,0,0
