model,stage,n,n_individuals,accuracy
k10,1,98,14,0.5510204081632653
k10,18,98,14,0.5102040816326531
k10,21,98,14,0.4489795918367347
k10,24,98,14,0.4387755102040816
k10,3,98,14,0.5306122448979592
k20,1,98,14,0.5918367346938775
k20,18,98,14,0.6326530612244898
k20,21,98,14,0.6428571428571429
k20,24,98,14,0.6632653061224489
k20,3,98,14,0.6530612244897959
full,1,98,14,0.7142857142857143
full,18,98,14,0.7244897959183674
full,21,98,14,0.7755102040816326
full,24,98,14,0.7448979591836735
full,3,98,14,0.8061224489795918
