split,arm,n_recal_animals,repeats,coverage_target_recalibrated,coverage_target_recal_sd,coverage_target_source_cal_same_test,set_size_recalibrated,set_size_source_cal,n_recal_dropped_unseen_mean
train_male_test_female,full,3,10,0.9034759358288771,0.03233967996215074,0.8074866310160427,0.8785807441503645,0.7786504283339726,2.7
train_male_test_female,full,5,10,0.9144117647058824,0.02722614507745351,0.8073529411764706,0.890807799442897,0.7799442896935933,5.0
train_male_test_female,panel_k20,3,10,0.9144385026737967,0.03152359925815935,0.8339572192513369,0.904147167881345,0.8173558368495077,2.7
train_male_test_female,panel_k20,5,10,0.9194117647058823,0.02882352941176469,0.835,0.9086350974930362,0.8189415041782728,5.0
train_female_test_male,full,3,10,0.9139037433155082,0.027157142086833414,0.873529411764706,0.8631313131313132,0.825,3.0
train_female_test_male,full,5,10,0.9017647058823529,0.030514617292571614,0.8714705882352941,0.8516666666666668,0.8230555555555557,5.0
train_female_test_male,panel_k20,3,10,0.9213903743315509,0.023468564981274535,0.8836898395721924,0.8934343434343435,0.8345959595959596,3.0
train_female_test_male,panel_k20,5,10,0.9111764705882355,0.027427160533822974,0.8826470588235293,0.8777777777777779,0.8336111111111112,5.0
holdout_group_8w,full,3,10,0.9182539682539683,0.040320272367874735,0.8928571428571429,0.9182539682539683,0.8928571428571429,0.0
holdout_group_8w,full,5,10,0.9033333333333333,0.03653173827283022,0.8911111111111112,0.9033333333333333,0.8911111111111112,0.0
holdout_group_8w,panel_k20,3,10,0.9253968253968253,0.04751310967331989,0.86984126984127,0.9253968253968253,0.86984126984127,0.0
holdout_group_8w,panel_k20,5,10,0.8955555555555555,0.055599982236430236,0.861111111111111,0.8955555555555555,0.861111111111111,0.0
holdout_group_1w,full,3,10,0.8984126984126984,0.050044072287093476,0.8714285714285716,0.915079365079365,0.8817460317460318,0.0
holdout_group_1w,full,5,10,0.89,0.05102650001424461,0.8699999999999999,0.9077777777777778,0.8833333333333332,0.0
holdout_group_1w,panel_k20,3,10,0.9190476190476191,0.033446519850326144,0.8515873015873016,0.9579365079365079,0.8738095238095239,0.0
holdout_group_1w,panel_k20,5,10,0.9055555555555556,0.029917582261858366,0.85,0.9400000000000001,0.8766666666666667,0.0
train_control_test_trained,full,3,10,0.9183878615457562,0.018935724172677765,0.8812560680981735,0.9320664273295852,0.8913267402741086,0.0
train_control_test_trained,full,5,10,0.9155954273601333,0.021303620278253815,0.8822123804476745,0.9267226890756302,0.8906374441668561,0.0
train_control_test_trained,panel_k20,3,10,0.9242534263586896,0.01661425850176455,0.9039540292171871,0.946200410937253,0.9210892095102622,0.0
train_control_test_trained,panel_k20,5,10,0.9070106240694477,0.02546711432159111,0.9035130088071265,0.9246551593610416,0.918931788931789,0.0
