split,arm,n_train_animals,n_test_animals,n_test,n_cal,n_cal_animals,n_cal_dropped_unseen,n_src_dropped_unseen,unseen_classes,accuracy_all,bal_acc_seen,coverage_source_id,avg_set_size_source,coverage_target_all,coverage_target_seen,avg_set_size_target,qhat,alpha,lac_frac_empty_source,lac_frac_empty_target,aps_coverage_target_seen,aps_set_size_source,aps_set_size_target,coverage_target_seen_mondrian,avg_set_size_target_mondrian,coverage_target_seen_floored,avg_set_size_target_floored,cov_target_recal_N3,cov_target_srccal_N3,cov_target_recal_N5,cov_target_srccal_N5,coverage_drop,set_size_change
train_male_test_female,full,25,25,449,144,8,0,0,OVARY,0.9131403118040089,0.9647058823529411,0.9305555555555556,0.9305555555555556,0.7639198218262806,0.8070588235294117,0.779510022271715,0.11848267250313271,0.1,0.06944444444444445,0.22048997772828507,0.9811764705882353,1.0694444444444444,1.4810690423162582,1.0,18.0,1.0,18.0,0.9034759358288771,0.8074866310160427,0.9144117647058824,0.8073529411764706,0.12349673202614386,-0.15104553328384063
train_male_test_female,panel_k50,25,25,449,144,8,0,0,OVARY,0.9131403118040089,0.9647058823529411,0.9583333333333334,0.9583333333333334,0.779510022271715,0.8235294117647058,0.7928730512249443,0.07304315934235017,0.1,0.041666666666666664,0.2071269487750557,0.971764705882353,1.0277777777777777,1.6971046770601337,1.0,18.0,1.0,18.0,0.9117647058823529,0.8245989304812834,0.9158823529411764,0.825,0.13480392156862753,-0.16546028210838903
train_female_test_male,full,25,25,450,144,8,0,0,TESTES,0.9422222222222222,0.9976470588235294,0.9305555555555556,0.9305555555555556,0.8244444444444444,0.8729411764705882,0.8244444444444444,0.03585736850956778,0.1,0.06944444444444445,0.17555555555555555,1.0,1.0138888888888888,1.4066666666666667,1.0,18.0,1.0,18.0,0.9139037433155082,0.873529411764706,0.9017647058823529,0.8714705882352941,0.05761437908496736,-0.10611111111111116
train_female_test_male,panel_k50,25,25,450,144,8,0,0,TESTES,0.9422222222222222,0.9976470588235294,0.9583333333333334,0.9583333333333334,0.8711111111111111,0.9223529411764706,0.8711111111111111,0.14161698365069308,0.1,0.041666666666666664,0.1288888888888889,1.0,1.0555555555555556,1.7044444444444444,1.0,18.0,1.0,18.0,0.9328877005347593,0.9251336898395722,0.8950000000000001,0.9202941176470588,0.03598039215686277,-0.08722222222222231
holdout_group_8w,full,40,10,180,216,12,0,0,,1.0,1.0,0.9444444444444444,0.9444444444444444,0.8944444444444445,0.8944444444444445,0.8944444444444445,0.0038872148091979586,0.1,0.05555555555555555,0.10555555555555556,1.0,1.0,1.0055555555555555,0.9222222222222223,2.8666666666666667,0.95,2.8944444444444444,0.9182539682539683,0.8928571428571429,0.9033333333333333,0.8911111111111112,0.04999999999999993,-0.04999999999999993
holdout_group_8w,panel_k50,40,10,180,216,12,0,0,,0.9833333333333333,0.9842105263157894,0.9074074074074074,0.9074074074074074,0.8944444444444445,0.8944444444444445,0.8944444444444445,0.08712437899884995,0.1,0.09259259259259259,0.10555555555555556,1.0,1.0925925925925926,1.1,0.8444444444444444,2.8444444444444446,0.9388888888888889,2.938888888888889,0.9158730158730158,0.8944444444444445,0.8988888888888888,0.8911111111111112,0.012962962962962954,-0.012962962962962954
holdout_group_1w,full,40,10,180,216,12,0,0,,0.9666666666666667,0.9684210526315788,0.8888888888888888,0.8888888888888888,0.8722222222222222,0.8722222222222222,0.8833333333333333,0.085879332128739,0.1,0.1111111111111111,0.11666666666666667,0.9833333333333333,1.1018518518518519,1.1,0.9111111111111111,2.8833333333333333,0.9611111111111111,2.933333333333333,0.8984126984126984,0.8714285714285716,0.89,0.8699999999999999,0.016666666666666607,-0.005555555555555536
holdout_group_1w,panel_k50,40,10,180,216,12,0,0,,0.9722222222222222,0.9736842105263158,0.9074074074074074,0.9074074074074074,0.8777777777777778,0.8777777777777778,0.8888888888888888,0.07107005453627024,0.1,0.09259259259259259,0.1111111111111111,0.9833333333333333,1.0740740740740742,1.05,0.9277777777777778,2.888888888888889,0.95,2.911111111111111,0.9103174603174603,0.8769841269841271,0.8966666666666667,0.8766666666666667,0.029629629629629672,-0.0185185185185186
train_control_test_trained,full,10,40,719,54,3,0,0,,0.9791376912378303,0.9802631578947368,0.9444444444444444,0.9444444444444444,0.8803894297635605,0.8803894297635605,0.8901251738525731,0.19331159896989591,0.1,0.05555555555555555,0.10987482614742698,0.9902642559109874,1.1388888888888888,1.122392211404729,1.0,19.0,1.0,19.0,0.9183878615457562,0.8812560680981735,0.9155954273601333,0.8822123804476745,0.06405501468088393,-0.05431927059187136
train_control_test_trained,panel_k50,10,40,719,54,3,0,0,,0.9680111265646731,0.9697368421052632,1.0,1.0,0.8789986091794159,0.8789986091794159,0.8956884561891516,0.4071868408360443,0.1,0.0,0.1043115438108484,0.9860917941585535,1.6666666666666667,1.2211404728789985,1.0,19.0,1.0,19.0,0.9248445437919122,0.8799042651674231,0.9160688419511949,0.8798281474752063,0.12100139082058414,-0.1043115438108484
