PC,explained,R2_tissue,R2_sex,R2_pid,R2_plex_id
PC1,0.4185981885754447,0.9883900135507443,0.0006445714991452612,0.002238792799270111,0.9916259888133032
PC2,0.1425159227792426,0.9915930729793294,0.00023281035720180447,0.0013514097928945324,0.994863255660211
PC3,0.13295706338306973,0.9970533964230599,0.0002065653065938042,0.0006791065272806966,0.9988845144423681
PC4,0.07071547762125928,0.9945771189067499,0.00015613690759310557,0.0007565854871857025,0.9964027077834282
PC5,0.047945150577719045,0.9968011334442978,1.4450903591007552e-06,0.0005184218509266279,0.9989257452613977
PC6,0.034245947343442995,0.9870899422300567,0.00020497028068255574,0.001590527641653308,0.9955374325121644
PC7,0.007868067921632811,0.0010222115198819447,0.0012623992757127699,0.11613109126406386,0.989892944373029
PC8,0.007428237489070973,0.006924399537272615,8.49744839838083e-05,0.1442072902585851,0.9670345431589716
PC9,0.006316923044949746,0.00025348087519196913,0.00014970824839015902,0.1465629002378781,0.9946666714783057
PC10,0.005801021941689,0.000109853814584144,0.00022725726095711396,0.14954330406884778,0.9953813976631286
