id,symbol,human_gene,marker_tissue,effect_size_log2cpm,bootstrap_frequency,training_regulated,qc_correlated,bodymap,gtex,mean_log2cpm_ADRNL,mean_log2cpm_BAT,mean_log2cpm_BLOOD,mean_log2cpm_COLON,mean_log2cpm_CORTEX,mean_log2cpm_HEART,mean_log2cpm_HIPPOC,mean_log2cpm_HYPOTH,mean_log2cpm_KIDNEY,mean_log2cpm_LIVER,mean_log2cpm_LUNG,mean_log2cpm_OVARY,mean_log2cpm_SKM-GN,mean_log2cpm_SKM-VL,mean_log2cpm_SMLINT,mean_log2cpm_SPLEEN,mean_log2cpm_TESTES,mean_log2cpm_VENACV,mean_log2cpm_WAT-SC
ENSRNOG00000000428,Cyp21a1,ENSG00000204338,ADRNL,11.555300765575062,1.0,False,True,holds,weakened,13.664,1.549,0.018,1.195,0.181,0.576,0.251,0.382,1.28,0.702,1.039,0.704,0.36,0.376,0.575,1.365,0.147,2.108,1.663
ENSRNOG00000016385,Gabrd,ENSG00000187730,CORTEX,1.3332122499935908,0.88,False,False,holds,holds,0.013,0.006,0.003,0.376,5.736,0.003,4.402,1.346,0.095,0.037,0.046,0.06,0.003,0.008,0.223,0.031,0.152,0.02,0.067
ENSRNOG00000049607,Lrrc10,,HEART,2.8989484146990634,0.94,False,False,holds,not tested,0.008,0.0,0.033,0.009,0.087,6.048,0.122,0.068,0.004,0.003,0.454,0.056,0.005,0.0,0.001,0.033,0.026,3.149,0.004
ENSRNOG00000009735,Fibcd1l1,,HIPPOC,3.592425605903861,1.0,False,False,holds,not tested,0.528,0.013,0.003,0.18,3.906,0.006,7.499,3.239,0.268,0.01,0.022,0.083,0.008,0.005,0.452,0.001,0.647,0.026,0.08
ENSRNOG00000004632,Pmch,,HYPOTH,8.170656373133014,0.96,False,False,lost,not tested,0.012,0.033,0.034,0.061,0.718,0.025,0.534,8.888,0.024,0.028,0.023,0.034,0.011,0.01,0.082,0.05,0.173,0.02,0.047
ENSRNOG00000015557,Umod,ENSG00000169344,KIDNEY,11.794098973920706,1.0,False,False,holds,holds,0.002,0.006,0.0,0.005,0.043,0.0,0.081,0.02,11.892,0.068,0.0,0.005,0.0,0.0,0.0,0.0,0.098,0.011,0.024
ENSRNOG00000030386,Cldn18,ENSG00000066405,LUNG,8.552313417740905,0.94,False,False,holds,holds,0.003,0.0,0.004,0.002,0.0,0.0,0.0,0.0,0.003,0.012,8.926,0.141,0.003,0.0,0.082,0.02,0.374,0.13,0.008
ENSRNOG00000017531,Akr1c3,ENSG00000196139,OVARY,8.230436087489405,1.0,True,False,not tested,lost,0.084,1.066,0.021,0.061,0.033,0.157,0.001,0.003,0.058,1.216,0.155,11.326,0.645,0.481,0.37,0.015,0.006,0.497,3.096
ENSRNOG00000028531,Ccl25,ENSG00000131142,SMLINT,6.569320455362419,1.0,True,False,not tested,holds,0.014,0.007,0.008,0.552,0.062,0.004,0.06,0.045,0.041,0.007,0.015,0.045,0.0,0.002,7.121,0.017,0.498,0.021,0.014
ENSRNOG00000043414,Fcrl5,,SPLEEN,5.421717450492888,0.9,False,True,holds,not tested,0.209,0.225,1.362,1.075,0.014,0.072,0.014,0.012,0.121,0.11,1.086,0.517,0.017,0.021,0.835,6.784,0.018,0.213,0.979
ENSRNOG00000014414,Qrfpr,ENSG00000186867,ADRNL,7.070595086241042,0.64,True,True,holds,lost,8.369,0.041,0.597,0.041,0.641,0.011,0.28,1.298,0.564,0.027,0.506,0.197,0.008,0.012,0.016,0.551,0.892,0.047,0.104
ENSRNOG00000021771,Trim29,ENSG00000137699,WAT-SC,4.690476353460609,0.74,False,False,not tested,lost,0.048,0.169,0.0,0.163,0.131,0.008,0.24,0.179,1.892,0.036,0.32,0.454,0.11,0.088,0.014,0.064,1.168,0.729,6.583
ENSRNOG00000039906,Abo3,,COLON,8.481648726822169,0.74,True,True,not tested,not tested,0.004,0.001,0.0,8.822,0.009,0.0,0.003,0.002,0.029,0.035,0.006,0.341,0.001,0.001,0.008,0.006,0.007,0.0,0.158
ENSRNOG00000021575,Cfhr2,ENSG00000134365,LIVER,6.689047231990685,0.58,False,False,holds,holds,0.0,0.0,0.058,0.147,0.002,0.0,0.0,0.0,0.038,6.836,0.009,0.0,0.0,0.0,0.116,0.0,0.106,0.027,0.0
ENSRNOG00000028114,Hbq1b,,BLOOD,3.985510717056986,0.7,True,False,not tested,not tested,0.025,0.038,7.139,0.021,0.031,0.047,0.02,0.039,0.117,0.031,0.316,0.018,0.03,0.01,0.006,3.153,0.005,0.269,0.075
ENSRNOG00000028423,Otop1,ENSG00000163982,BAT,2.094294627078817,0.76,True,True,not tested,not tested,1.844,6.371,0.007,0.028,0.115,0.138,0.095,0.772,0.159,0.002,0.091,0.053,0.057,0.047,0.025,0.041,0.078,4.277,1.028
ENSRNOG00000007632,Mss51,,SKM-GN,0.6526013373247901,0.24,False,False,holds,not tested,2.373,2.71,1.508,2.233,1.756,1.331,1.622,1.647,1.753,1.11,2.479,2.787,7.302,6.649,2.161,3.119,2.554,2.182,2.742
ENSRNOG00000003336,Mybph,ENSG00000133055,SKM-VL,1.2642320237950848,0.58,False,False,holds,holds,0.357,2.242,3.103,0.667,2.628,0.471,3.01,2.447,0.227,0.123,1.262,0.286,7.252,8.516,0.558,2.871,1.856,1.694,2.642
ENSRNOG00000051993,Gdf10,ENSG00000266524,VENACV,1.9865101100362352,0.58,False,True,not tested,lost,3.34,2.799,0.171,1.594,2.23,0.439,3.661,1.895,1.324,0.896,1.383,2.089,1.177,0.927,0.333,0.596,0.667,6.578,4.591
ENSRNOG00000013600,Pgk2,ENSG00000170950,TESTES,9.292069030645788,0.36,False,False,holds,holds,0.0,0.0,0.0,0.0,0.003,0.0,0.003,0.0,0.0,0.0,0.0,0.007,0.0,0.0,0.0,0.0,9.3,0.0,0.0
