subset,seed,n,n_organs,n_mapped,within_accuracy,within_coverage,within_frac_empty,reference_accuracy,reference_coverage,reference_frac_empty
0,20260927,47,11,39,0.9743589743589743,0.3333333333333333,0.6410256410256411,0.9743589743589743,0.8205128205128205,0.1794871794871795
1,20260927,61,11,53,0.9622641509433962,0.2830188679245283,0.7169811320754716,0.9811320754716981,0.8113207547169812,0.18867924528301888
2,20260927,12,7,8,1.0,0.25,0.75,1.0,1.0,0.0
3,20260927,60,11,51,0.9607843137254902,0.35294117647058826,0.6470588235294118,1.0,0.8431372549019608,0.1568627450980392
4,20260927,41,11,34,0.9117647058823529,0.3235294117647059,0.6764705882352942,0.9705882352941176,0.7941176470588235,0.20588235294117646
5,20260927,21,11,18,0.8888888888888888,0.2777777777777778,0.7222222222222222,1.0,0.8888888888888888,0.1111111111111111
6,20260927,36,11,30,0.9,0.4,0.6,1.0,0.9,0.1
7,20260927,48,11,41,0.9512195121951219,0.3902439024390244,0.6097560975609756,0.975609756097561,0.8292682926829268,0.17073170731707318
8,20260927,18,8,12,0.75,0.3333333333333333,0.6666666666666666,1.0,1.0,0.0
9,20260927,38,11,32,0.9375,0.375,0.625,0.96875,0.84375,0.15625
10,20260927,17,8,12,0.9166666666666666,0.5833333333333334,0.4166666666666667,1.0,0.8333333333333334,0.16666666666666666
11,20260927,74,11,63,0.9682539682539683,0.3333333333333333,0.6666666666666666,0.9841269841269841,0.873015873015873,0.12698412698412698
12,20260927,79,11,67,0.9701492537313433,0.3582089552238806,0.6417910447761194,0.9850746268656716,0.8507462686567164,0.14925373134328357
13,20260927,23,11,20,0.95,0.45,0.55,1.0,0.85,0.15
14,20260927,48,11,42,0.9761904761904762,0.47619047619047616,0.5238095238095238,1.0,0.8095238095238095,0.19047619047619047
15,20260927,80,11,68,0.9705882352941176,0.36764705882352944,0.6323529411764706,0.9852941176470589,0.8529411764705882,0.14705882352941177
16,20260927,51,11,43,0.9767441860465116,0.4418604651162791,0.5581395348837209,1.0,0.9534883720930233,0.046511627906976744
17,20260927,40,11,36,0.9722222222222222,0.2222222222222222,0.7777777777777778,0.9722222222222222,0.75,0.25
18,20260927,53,11,43,0.9767441860465116,0.4186046511627907,0.5813953488372093,0.9767441860465116,0.8604651162790697,0.13953488372093023
19,20260927,11,7,8,1.0,0.25,0.75,1.0,0.875,0.125
20,20260927,62,11,51,0.9803921568627451,0.5294117647058824,0.45098039215686275,0.9803921568627451,0.8627450980392157,0.13725490196078433
21,20260927,71,11,60,0.9666666666666667,0.45,0.55,0.9833333333333333,0.8833333333333333,0.11666666666666667
22,20260927,73,11,61,0.9836065573770492,0.4098360655737705,0.5737704918032787,0.9836065573770492,0.8360655737704918,0.16393442622950818
23,20260927,10,7,8,1.0,0.125,0.875,1.0,0.625,0.375
24,20260927,54,11,45,0.9777777777777777,0.4444444444444444,0.5333333333333333,1.0,0.8,0.2
25,20260927,25,11,19,1.0,0.2631578947368421,0.7368421052631579,0.9473684210526315,0.8421052631578947,0.15789473684210525
26,20260927,24,10,21,0.9047619047619048,0.19047619047619047,0.8095238095238095,0.9523809523809523,0.6666666666666666,0.3333333333333333
27,20260927,76,11,64,0.96875,0.453125,0.53125,0.984375,0.859375,0.140625
28,20260927,35,11,30,0.9666666666666667,0.4,0.6,1.0,0.7666666666666667,0.23333333333333334
29,20260927,57,11,46,0.9565217391304348,0.34782608695652173,0.6521739130434783,0.9782608695652174,0.8260869565217391,0.17391304347826086
30,20260927,11,6,9,0.7777777777777778,0.1111111111111111,0.8888888888888888,1.0,0.7777777777777778,0.2222222222222222
31,20260927,25,11,21,0.9047619047619048,0.2857142857142857,0.7142857142857143,1.0,1.0,0.0
32,20260927,48,11,41,0.9512195121951219,0.43902439024390244,0.5609756097560976,0.975609756097561,0.8292682926829268,0.17073170731707318
33,20260927,28,11,23,0.8260869565217391,0.34782608695652173,0.6521739130434783,1.0,0.8260869565217391,0.17391304347826086
34,20260927,36,11,31,0.967741935483871,0.3870967741935484,0.6129032258064516,1.0,0.9354838709677419,0.06451612903225806
35,20260927,70,11,58,0.9827586206896551,0.41379310344827586,0.5862068965517241,0.9827586206896551,0.8448275862068966,0.15517241379310345
36,20260927,80,11,68,0.9705882352941176,0.36764705882352944,0.6323529411764706,0.9852941176470589,0.8529411764705882,0.14705882352941177
37,20260927,60,11,52,0.9230769230769231,0.2692307692307692,0.7307692307692307,0.9807692307692307,0.8653846153846154,0.1346153846153846
38,20260927,73,11,62,0.967741935483871,0.3870967741935484,0.6129032258064516,0.9838709677419355,0.8387096774193549,0.16129032258064516
39,20260927,68,11,57,0.9824561403508771,0.43859649122807015,0.5614035087719298,1.0,0.8596491228070176,0.14035087719298245
40,20260927,53,11,47,0.9361702127659575,0.425531914893617,0.574468085106383,1.0,0.851063829787234,0.14893617021276595
41,20260927,60,11,53,0.9811320754716981,0.41509433962264153,0.5849056603773585,0.9811320754716981,0.8867924528301887,0.11320754716981132
42,20260927,16,9,15,0.8666666666666667,0.13333333333333333,0.8666666666666667,1.0,0.9333333333333333,0.06666666666666667
43,20260927,78,11,66,0.9696969696969697,0.3787878787878788,0.6060606060606061,0.9848484848484849,0.8636363636363636,0.13636363636363635
44,20260927,57,11,48,0.9583333333333334,0.3333333333333333,0.6666666666666666,1.0,0.8541666666666666,0.14583333333333334
45,20260927,25,10,23,0.9565217391304348,0.08695652173913043,0.8695652173913043,0.9565217391304348,0.8260869565217391,0.17391304347826086
46,20260927,21,11,19,1.0,0.3684210526315789,0.631578947368421,1.0,0.8947368421052632,0.10526315789473684
47,20260927,73,11,61,0.9672131147540983,0.36065573770491804,0.639344262295082,1.0,0.8688524590163934,0.13114754098360656
48,20260927,78,11,66,0.9696969696969697,0.42424242424242425,0.5757575757575758,0.9848484848484849,0.8484848484848485,0.15151515151515152
49,20260927,12,7,9,0.7777777777777778,0.2222222222222222,0.7777777777777778,1.0,0.8888888888888888,0.1111111111111111
50,20260927,49,11,42,0.9761904761904762,0.30952380952380953,0.6904761904761905,1.0,0.8571428571428571,0.14285714285714285
51,20260927,70,11,60,0.9666666666666667,0.45,0.55,0.9833333333333333,0.8333333333333334,0.16666666666666666
52,20260927,8,5,6,0.6666666666666666,0.16666666666666666,0.8333333333333334,1.0,0.8333333333333334,0.16666666666666666
53,20260927,20,9,18,0.6666666666666666,0.2777777777777778,0.7222222222222222,1.0,0.8333333333333334,0.16666666666666666
54,20260927,42,11,33,0.9696969696969697,0.3939393939393939,0.5757575757575758,1.0,0.9090909090909091,0.09090909090909091
55,20260927,49,11,43,0.9069767441860465,0.3953488372093023,0.6046511627906976,0.9767441860465116,0.813953488372093,0.18604651162790697
56,20260927,32,11,30,0.8666666666666667,0.26666666666666666,0.7333333333333333,1.0,0.8666666666666667,0.13333333333333333
57,20260927,12,6,10,0.9,0.3,0.7,1.0,0.9,0.1
58,20260927,36,11,32,0.84375,0.3125,0.6875,1.0,0.875,0.125
59,20260927,75,11,64,0.96875,0.34375,0.65625,0.984375,0.859375,0.140625
60,20260927,23,8,19,0.8421052631578947,0.2631578947368421,0.7368421052631579,1.0,0.8947368421052632,0.10526315789473684
61,20260927,39,11,33,0.9696969696969697,0.36363636363636365,0.6363636363636364,1.0,0.9090909090909091,0.09090909090909091
62,20260927,19,9,16,0.75,0.25,0.75,0.9375,0.75,0.25
63,20260927,13,10,12,0.75,0.3333333333333333,0.6666666666666666,1.0,0.8333333333333334,0.16666666666666666
64,20260927,59,11,49,0.9795918367346939,0.3877551020408163,0.5918367346938775,0.9795918367346939,0.8163265306122449,0.1836734693877551
65,20260927,71,11,62,0.9516129032258065,0.3225806451612903,0.6774193548387096,0.9838709677419355,0.8548387096774194,0.14516129032258066
66,20260927,33,11,29,0.8275862068965517,0.3448275862068966,0.6551724137931034,0.9655172413793104,0.896551724137931,0.10344827586206896
67,20260927,37,11,31,0.9354838709677419,0.25806451612903225,0.7419354838709677,0.967741935483871,0.7419354838709677,0.25806451612903225
68,20260927,27,11,24,0.9583333333333334,0.20833333333333334,0.7916666666666666,0.9583333333333334,0.8333333333333334,0.16666666666666666
69,20260927,26,10,23,0.9130434782608695,0.43478260869565216,0.5652173913043478,1.0,0.8260869565217391,0.17391304347826086
70,20260927,31,11,28,1.0,0.42857142857142855,0.5714285714285714,1.0,0.8214285714285714,0.17857142857142858
71,20260927,60,11,52,0.9807692307692307,0.38461538461538464,0.6153846153846154,0.9807692307692307,0.8653846153846154,0.1346153846153846
72,20260927,28,10,23,0.8695652173913043,0.391304347826087,0.6086956521739131,1.0,0.9130434782608695,0.08695652173913043
73,20260927,46,11,41,0.9512195121951219,0.3902439024390244,0.5853658536585366,0.975609756097561,0.8536585365853658,0.14634146341463414
74,20260927,68,11,58,0.9655172413793104,0.3793103448275862,0.6206896551724138,0.9827586206896551,0.8620689655172413,0.13793103448275862
75,20260927,54,11,47,1.0,0.3617021276595745,0.6382978723404256,0.9787234042553191,0.851063829787234,0.14893617021276595
76,20260927,22,10,17,1.0,0.35294117647058826,0.6470588235294118,0.9411764705882353,0.7647058823529411,0.23529411764705882
77,20260927,39,11,33,0.9696969696969697,0.42424242424242425,0.5757575757575758,1.0,0.8484848484848485,0.15151515151515152
78,20260927,63,11,53,0.9622641509433962,0.33962264150943394,0.6415094339622641,0.9811320754716981,0.8490566037735849,0.1509433962264151
79,20260927,17,10,14,0.9285714285714286,0.14285714285714285,0.7857142857142857,0.9285714285714286,0.7857142857142857,0.21428571428571427
80,20260927,23,10,20,0.95,0.25,0.75,1.0,0.75,0.25
81,20260927,66,11,56,0.9642857142857143,0.4107142857142857,0.5892857142857143,0.9821428571428571,0.8214285714285714,0.17857142857142858
82,20260927,69,11,60,0.9666666666666667,0.4,0.6,0.9833333333333333,0.85,0.15
83,20260927,31,10,25,1.0,0.24,0.76,1.0,0.8,0.2
84,20260927,11,7,9,0.8888888888888888,0.1111111111111111,0.8888888888888888,1.0,1.0,0.0
85,20260927,14,8,12,1.0,0.4166666666666667,0.5833333333333334,1.0,0.8333333333333334,0.16666666666666666
86,20260927,72,11,62,0.9838709677419355,0.3548387096774194,0.6451612903225806,1.0,0.8709677419354839,0.12903225806451613
87,20260927,38,11,33,0.9090909090909091,0.2727272727272727,0.7272727272727273,0.9696969696969697,0.9090909090909091,0.09090909090909091
88,20260927,15,11,12,1.0,0.5,0.5,1.0,0.9166666666666666,0.08333333333333333
89,20260927,61,11,53,0.9811320754716981,0.41509433962264153,0.5849056603773585,0.9811320754716981,0.8867924528301887,0.11320754716981132
90,20260927,72,11,61,0.9672131147540983,0.39344262295081966,0.6065573770491803,0.9836065573770492,0.8688524590163934,0.13114754098360656
91,20260927,56,11,49,0.9591836734693877,0.3469387755102041,0.6530612244897959,0.9795918367346939,0.8979591836734694,0.10204081632653061
92,20260927,47,11,37,0.9459459459459459,0.32432432432432434,0.6756756756756757,1.0,0.8648648648648649,0.13513513513513514
93,20260927,77,11,65,0.9692307692307692,0.4461538461538462,0.5538461538461539,0.9846153846153847,0.8461538461538461,0.15384615384615385
94,20260927,80,11,68,0.9705882352941176,0.36764705882352944,0.6323529411764706,0.9852941176470589,0.8529411764705882,0.14705882352941177
95,20260927,74,11,63,0.9682539682539683,0.31746031746031744,0.6825396825396826,0.9841269841269841,0.8412698412698413,0.15873015873015872
96,20260927,74,11,64,0.984375,0.40625,0.578125,0.984375,0.84375,0.15625
97,20260927,38,11,32,0.875,0.34375,0.65625,0.96875,0.90625,0.09375
98,20260927,60,11,50,0.98,0.4,0.6,1.0,0.86,0.14
99,20260927,57,11,48,0.9791666666666666,0.3541666666666667,0.6458333333333334,0.9791666666666666,0.875,0.125
100,20260927,76,11,66,0.9696969696969697,0.3939393939393939,0.6060606060606061,0.9848484848484849,0.8484848484848485,0.15151515151515152
101,20260927,28,9,24,0.8333333333333334,0.20833333333333334,0.75,1.0,1.0,0.0
102,20260927,15,7,14,0.7857142857142857,0.07142857142857142,0.9285714285714286,1.0,0.6428571428571429,0.35714285714285715
103,20260927,13,7,8,1.0,0.25,0.75,1.0,1.0,0.0
104,20260927,33,11,28,0.8571428571428571,0.39285714285714285,0.6071428571428571,1.0,0.9285714285714286,0.07142857142857142
105,20260927,78,11,66,0.9696969696969697,0.3939393939393939,0.6060606060606061,0.9848484848484849,0.8484848484848485,0.15151515151515152
106,20260927,25,10,21,0.8571428571428571,0.47619047619047616,0.5238095238095238,1.0,0.8095238095238095,0.19047619047619047
107,20260927,57,11,47,0.9574468085106383,0.3404255319148936,0.6595744680851063,0.9787234042553191,0.851063829787234,0.14893617021276595
108,20260927,39,11,31,0.967741935483871,0.41935483870967744,0.5806451612903226,0.967741935483871,0.8064516129032258,0.1935483870967742
109,20260927,20,10,16,0.9375,0.1875,0.8125,1.0,0.8125,0.1875
110,20260927,76,11,64,0.96875,0.34375,0.65625,0.984375,0.84375,0.15625
111,20260927,36,11,32,0.90625,0.3125,0.6875,1.0,0.84375,0.15625
112,20260927,38,11,30,0.9666666666666667,0.5,0.5,1.0,0.7666666666666667,0.23333333333333334
113,20260927,22,9,18,0.8333333333333334,0.2777777777777778,0.7222222222222222,1.0,0.8888888888888888,0.1111111111111111
114,20260927,26,10,25,0.88,0.16,0.84,0.96,0.92,0.08
115,20260927,72,11,61,0.9672131147540983,0.3770491803278688,0.6229508196721312,0.9836065573770492,0.8524590163934426,0.14754098360655737
116,20260927,40,11,34,0.8529411764705882,0.4411764705882353,0.5588235294117647,0.9705882352941176,0.7941176470588235,0.20588235294117646
117,20260927,66,11,57,0.9824561403508771,0.3684210526315789,0.631578947368421,0.9824561403508771,0.8596491228070176,0.14035087719298245
118,20260927,15,9,10,1.0,0.3,0.7,1.0,0.9,0.1
119,20260927,23,10,19,0.7894736842105263,0.3157894736842105,0.6842105263157895,0.9473684210526315,0.8421052631578947,0.15789473684210525
120,20260927,47,11,40,0.975,0.375,0.625,0.975,0.85,0.15
121,20260927,39,11,33,0.9090909090909091,0.2727272727272727,0.7272727272727273,0.9696969696969697,0.7878787878787878,0.21212121212121213
122,20260927,77,11,65,0.9692307692307692,0.36923076923076925,0.6307692307692307,0.9846153846153847,0.8461538461538461,0.15384615384615385
123,20260927,49,11,42,0.9047619047619048,0.35714285714285715,0.6428571428571429,0.9761904761904762,0.8095238095238095,0.19047619047619047
124,20260927,12,7,11,0.6363636363636364,0.0,1.0,1.0,1.0,0.0
125,20260927,78,11,66,0.9696969696969697,0.3333333333333333,0.6666666666666666,0.9848484848484849,0.8484848484848485,0.15151515151515152
126,20260927,60,11,52,0.9807692307692307,0.3076923076923077,0.6730769230769231,0.9807692307692307,0.8653846153846154,0.1346153846153846
127,20260927,26,10,21,0.9523809523809523,0.3333333333333333,0.6666666666666666,1.0,0.8571428571428571,0.14285714285714285
128,20260927,55,11,47,0.9787234042553191,0.3404255319148936,0.6595744680851063,0.9787234042553191,0.851063829787234,0.14893617021276595
129,20260927,60,11,52,0.9807692307692307,0.36538461538461536,0.6346153846153846,0.9807692307692307,0.8653846153846154,0.1346153846153846
130,20260927,58,11,51,0.9411764705882353,0.39215686274509803,0.6078431372549019,0.9803921568627451,0.8627450980392157,0.13725490196078433
131,20260927,40,11,33,0.9090909090909091,0.36363636363636365,0.6363636363636364,0.9696969696969697,0.7272727272727273,0.2727272727272727
132,20260927,71,11,59,0.9661016949152542,0.4406779661016949,0.559322033898305,0.9830508474576272,0.847457627118644,0.15254237288135594
133,20260927,74,11,62,0.967741935483871,0.3387096774193548,0.6612903225806451,0.9838709677419355,0.8548387096774194,0.14516129032258066
134,20260927,18,9,16,1.0,0.1875,0.8125,0.9375,0.75,0.25
135,20260927,25,10,20,1.0,0.55,0.45,1.0,0.8,0.2
136,20260927,8,6,7,0.7142857142857143,0.14285714285714285,0.8571428571428571,1.0,0.7142857142857143,0.2857142857142857
137,20260927,28,10,23,0.9565217391304348,0.21739130434782608,0.782608695652174,1.0,0.8695652173913043,0.13043478260869565
138,20260927,35,11,30,1.0,0.4,0.6,1.0,0.8,0.2
139,20260927,64,11,53,0.9622641509433962,0.49056603773584906,0.5094339622641509,0.9811320754716981,0.8490566037735849,0.1509433962264151
140,20260927,41,11,34,0.9705882352941176,0.4117647058823529,0.5588235294117647,1.0,0.9117647058823529,0.08823529411764706
141,20260927,37,11,32,0.96875,0.3125,0.65625,1.0,0.96875,0.03125
142,20260927,15,9,14,0.9285714285714286,0.21428571428571427,0.7857142857142857,1.0,0.7857142857142857,0.21428571428571427
143,20260927,29,11,27,0.8888888888888888,0.2962962962962963,0.7037037037037037,1.0,0.8518518518518519,0.14814814814814814
144,20260927,65,11,56,0.9821428571428571,0.375,0.625,0.9821428571428571,0.8214285714285714,0.17857142857142858
145,20260927,38,11,32,0.90625,0.375,0.625,1.0,0.84375,0.15625
146,20260927,43,11,34,0.9705882352941176,0.38235294117647056,0.6176470588235294,1.0,0.9411764705882353,0.058823529411764705
147,20260927,14,9,12,0.9166666666666666,0.3333333333333333,0.6666666666666666,1.0,0.9166666666666666,0.08333333333333333
148,20260927,58,11,49,0.9795918367346939,0.3673469387755102,0.6326530612244898,0.9795918367346939,0.8163265306122449,0.1836734693877551
149,20260927,73,11,64,0.96875,0.34375,0.65625,0.984375,0.84375,0.15625
150,20260927,42,11,35,0.9714285714285714,0.42857142857142855,0.5714285714285714,1.0,0.8571428571428571,0.14285714285714285
151,20260927,70,11,59,0.9830508474576272,0.423728813559322,0.576271186440678,0.9830508474576272,0.8813559322033898,0.11864406779661017
152,20260927,16,9,13,0.9230769230769231,0.3076923076923077,0.6923076923076923,1.0,0.7692307692307693,0.23076923076923078
153,20260927,36,11,30,0.9666666666666667,0.4666666666666667,0.5333333333333333,1.0,0.9333333333333333,0.06666666666666667
154,20260927,12,9,9,0.6666666666666666,0.3333333333333333,0.6666666666666666,1.0,0.8888888888888888,0.1111111111111111
155,20260927,62,11,53,0.9622641509433962,0.32075471698113206,0.6792452830188679,0.9811320754716981,0.8867924528301887,0.11320754716981132
156,20260927,41,11,37,0.9459459459459459,0.2702702702702703,0.7297297297297297,1.0,0.8918918918918919,0.10810810810810811
157,20260927,73,11,62,0.967741935483871,0.3387096774193548,0.6612903225806451,0.9838709677419355,0.8548387096774194,0.14516129032258066
158,20260927,45,11,37,1.0,0.21621621621621623,0.7837837837837838,0.972972972972973,0.8378378378378378,0.16216216216216217
159,20260927,20,8,19,0.8421052631578947,0.15789473684210525,0.8421052631578947,1.0,0.8421052631578947,0.15789473684210525
160,20260927,64,11,54,0.9629629629629629,0.46296296296296297,0.5185185185185185,1.0,0.8518518518518519,0.14814814814814814
161,20260927,79,11,68,0.9705882352941176,0.36764705882352944,0.6323529411764706,0.9852941176470589,0.8529411764705882,0.14705882352941177
162,20260927,15,9,14,0.8571428571428571,0.21428571428571427,0.7857142857142857,1.0,0.8571428571428571,0.14285714285714285
163,20260927,78,11,66,0.9696969696969697,0.3787878787878788,0.6212121212121212,0.9848484848484849,0.8484848484848485,0.15151515151515152
164,20260927,77,11,65,0.9692307692307692,0.38461538461538464,0.6153846153846154,0.9846153846153847,0.8615384615384616,0.13846153846153847
165,20260927,22,10,17,0.9411764705882353,0.35294117647058826,0.6470588235294118,1.0,0.7647058823529411,0.23529411764705882
166,20260927,47,11,38,0.9736842105263158,0.3684210526315789,0.631578947368421,1.0,0.868421052631579,0.13157894736842105
167,20260927,25,11,20,0.95,0.25,0.75,0.95,0.7,0.3
168,20260927,54,10,47,0.9361702127659575,0.425531914893617,0.574468085106383,0.9787234042553191,0.8723404255319149,0.1276595744680851
169,20260927,74,11,63,0.9682539682539683,0.3968253968253968,0.6031746031746031,1.0,0.8571428571428571,0.14285714285714285
170,20260927,68,11,59,0.9661016949152542,0.3728813559322034,0.6271186440677966,0.9830508474576272,0.8305084745762712,0.1694915254237288
171,20260927,66,11,56,0.9642857142857143,0.35714285714285715,0.6428571428571429,0.9821428571428571,0.8571428571428571,0.14285714285714285
172,20260927,43,11,34,0.9705882352941176,0.38235294117647056,0.6176470588235294,0.9705882352941176,0.8235294117647058,0.17647058823529413
173,20260927,9,6,7,0.7142857142857143,0.14285714285714285,0.8571428571428571,1.0,1.0,0.0
174,20260927,33,11,26,0.9615384615384616,0.5384615384615384,0.46153846153846156,1.0,0.8846153846153846,0.11538461538461539
175,20260927,19,10,16,0.875,0.1875,0.8125,1.0,1.0,0.0
176,20260927,49,11,42,0.9761904761904762,0.40476190476190477,0.5714285714285714,0.9761904761904762,0.8809523809523809,0.11904761904761904
177,20260927,61,11,53,0.9622641509433962,0.4339622641509434,0.5660377358490566,0.9811320754716981,0.8301886792452831,0.16981132075471697
178,20260927,59,11,49,0.9387755102040817,0.30612244897959184,0.6938775510204082,0.9795918367346939,0.8163265306122449,0.1836734693877551
179,20260927,57,11,49,0.9795918367346939,0.3877551020408163,0.5918367346938775,1.0,0.8775510204081632,0.12244897959183673
180,20260927,8,6,6,0.6666666666666666,0.16666666666666666,0.8333333333333334,1.0,1.0,0.0
181,20260927,37,11,32,1.0,0.375,0.625,1.0,0.875,0.125
182,20260927,39,11,32,0.9375,0.4375,0.5625,0.96875,0.75,0.25
183,20260927,48,11,43,0.8372093023255814,0.2558139534883721,0.7441860465116279,0.9767441860465116,0.8372093023255814,0.16279069767441862
184,20260927,76,11,64,0.96875,0.375,0.625,0.984375,0.859375,0.140625
185,20260927,60,11,52,0.9615384615384616,0.5,0.5,0.9807692307692307,0.8653846153846154,0.1346153846153846
186,20260927,58,11,50,0.96,0.38,0.62,0.98,0.82,0.18
187,20260927,10,6,10,0.6,0.1,0.9,1.0,0.9,0.1
188,20260927,52,11,47,0.9787234042553191,0.1702127659574468,0.8297872340425532,0.9787234042553191,0.8936170212765957,0.10638297872340426
189,20260927,52,11,42,0.9523809523809523,0.5,0.5,0.9761904761904762,0.8095238095238095,0.19047619047619047
190,20260927,74,11,63,0.9841269841269841,0.42857142857142855,0.5714285714285714,1.0,0.8571428571428571,0.14285714285714285
191,20260927,34,10,30,0.9,0.26666666666666666,0.7333333333333333,0.9666666666666667,0.7666666666666667,0.23333333333333334
192,20260927,64,11,54,0.9629629629629629,0.35185185185185186,0.6481481481481481,0.9814814814814815,0.8703703703703703,0.12962962962962962
193,20260927,76,11,65,0.9692307692307692,0.3384615384615385,0.6615384615384615,0.9846153846153847,0.8769230769230769,0.12307692307692308
194,20260927,56,11,47,0.9787234042553191,0.46808510638297873,0.5319148936170213,0.9787234042553191,0.8936170212765957,0.10638297872340426
195,20260927,17,9,13,0.7692307692307693,0.23076923076923078,0.6923076923076923,1.0,0.8461538461538461,0.15384615384615385
196,20260927,36,11,30,0.8666666666666667,0.36666666666666664,0.6333333333333333,1.0,0.8666666666666667,0.13333333333333333
197,20260927,18,9,15,0.7333333333333333,0.2,0.7333333333333333,0.9333333333333333,0.7333333333333333,0.26666666666666666
198,20260927,20,9,17,0.8823529411764706,0.11764705882352941,0.8823529411764706,0.9411764705882353,0.8823529411764706,0.11764705882352941
199,20260927,22,9,18,0.8333333333333334,0.1111111111111111,0.8888888888888888,1.0,0.8888888888888888,0.1111111111111111
