dataset,model,n_recal,draw,chosen,q_t,finite,n_cal_scores,n_test_samples,n_test_individuals,coverage,avg_set_size,n_classes
bodymap,k20,3,0,f_21_3;f_21_1;m_21_4,0.5312888148523913,True,25,43,5,0.9302325581395349,0.9302325581395349,19
bodymap,k20,3,1,m_21_1;f_21_3;f_21_2,0.5991191408442915,True,25,43,5,0.9767441860465116,1.0930232558139534,19
bodymap,k20,3,2,f_21_3;f_21_1;f_21_2,0.5312888148523913,True,24,44,5,0.9318181818181818,0.9318181818181818,19
bodymap,k20,3,3,f_21_2;f_21_3;m_21_1,0.5991191408442915,True,25,43,5,0.9767441860465116,1.0930232558139534,19
bodymap,k20,3,4,f_21_1;m_21_4;m_21_2,0.5312888148523913,True,26,42,5,0.9285714285714286,0.9285714285714286,19
bodymap,k20,3,5,m_21_1;f_21_3;m_21_3,0.5991191408442915,True,26,42,5,0.9761904761904762,1.0714285714285714,19
bodymap,k20,3,6,m_21_4;f_21_1;m_21_3,0.5743793298182465,True,26,42,5,0.9523809523809523,1.0238095238095237,19
bodymap,k20,3,7,f_21_3;f_21_4;f_21_1,0.4882692534035651,True,24,44,5,0.8636363636363636,0.8636363636363636,19
bodymap,k20,3,8,f_21_1;m_21_3;m_21_4,0.5743793298182465,True,26,42,5,0.9523809523809523,1.0238095238095237,19
bodymap,k20,3,9,m_21_1;f_21_1;m_21_4,0.5743793298182465,True,26,42,5,0.9523809523809523,1.0,19
bodymap,k20,3,10,m_21_4;m_21_3;f_21_3,0.5743793298182465,True,26,42,5,0.9523809523809523,1.0238095238095237,19
bodymap,k20,3,11,m_21_2;f_21_1;f_21_3,0.4965713809351342,True,25,43,5,0.8837209302325582,0.8837209302325582,19
bodymap,k20,3,12,f_21_1;m_21_2;m_21_1,0.5312888148523913,True,26,42,5,0.9285714285714286,0.9285714285714286,19
bodymap,k20,3,13,f_21_3;m_21_3;f_21_1,0.5312888148523913,True,25,43,5,0.9302325581395349,0.9302325581395349,19
bodymap,k20,3,14,f_21_2;f_21_1;m_21_2,0.5312888148523913,True,25,43,5,0.9302325581395349,0.9302325581395349,19
bodymap,k20,3,15,m_21_3;f_21_3;f_21_2,0.647552569818081,True,25,43,5,1.0,1.2325581395348837,19
bodymap,k20,3,16,f_21_2;m_21_1;f_21_1,0.5991191408442915,True,25,43,5,0.9767441860465116,1.069767441860465,19
bodymap,k20,3,17,f_21_2;m_21_3;m_21_4,0.647552569818081,True,26,42,5,1.0,1.1904761904761905,19
bodymap,k20,3,18,f_21_1;m_21_2;m_21_4,0.5312888148523913,True,26,42,5,0.9285714285714286,0.9285714285714286,19
bodymap,k20,3,19,m_21_2;m_21_3;f_21_3,0.4965713809351342,True,26,42,5,0.8809523809523809,0.8809523809523809,19
bodymap,k20,5,0,f_21_4;m_21_4;f_21_2;m_21_1;m_21_2,0.5236813387880135,True,43,25,3,0.92,0.92,19
bodymap,k20,5,1,m_21_2;m_21_3;m_21_4;f_21_2;f_21_3,0.4965713809351342,True,43,25,3,0.88,0.88,19
bodymap,k20,5,2,f_21_4;f_21_3;m_21_4;m_21_1;f_21_2,0.5236813387880135,True,42,26,3,0.9230769230769231,0.9230769230769231,19
bodymap,k20,5,3,m_21_4;f_21_4;m_21_3;f_21_1;m_21_1,0.5312888148523913,True,43,25,3,0.96,0.96,19
bodymap,k20,5,4,m_21_1;m_21_3;m_21_2;f_21_4;f_21_3,0.4965713809351342,True,43,25,3,0.88,0.88,19
bodymap,k20,5,5,m_21_4;f_21_2;m_21_3;m_21_1;f_21_1,0.5743793298182465,True,43,25,3,1.0,1.08,19
bodymap,k20,5,6,f_21_1;m_21_2;m_21_3;m_21_1;f_21_3,0.5236813387880135,True,43,25,3,0.92,0.92,19
bodymap,k20,5,7,f_21_4;f_21_1;f_21_2;m_21_2;m_21_1,0.5236813387880135,True,42,26,3,0.9230769230769231,0.9230769230769231,19
bodymap,k20,5,8,m_21_1;m_21_4;m_21_2;f_21_2;f_21_1,0.5312888148523913,True,43,25,3,0.96,0.96,19
bodymap,k20,5,9,m_21_2;f_21_3;m_21_4;f_21_1;f_21_4,0.4882692534035651,True,42,26,3,0.8461538461538461,0.8461538461538461,19
bodymap,k20,5,10,f_21_3;m_21_2;f_21_2;f_21_4;m_21_3,0.4882692534035651,True,42,26,3,0.8461538461538461,0.8461538461538461,19
bodymap,k20,5,11,f_21_4;m_21_4;f_21_3;m_21_3;m_21_2,0.4882692534035651,True,43,25,3,0.84,0.84,19
bodymap,k20,5,12,f_21_2;m_21_2;f_21_4;f_21_3;m_21_3,0.4882692534035651,True,42,26,3,0.8461538461538461,0.8461538461538461,19
bodymap,k20,5,13,m_21_1;f_21_1;m_21_4;m_21_3;m_21_2,0.5312888148523913,True,44,24,3,0.9583333333333334,0.9583333333333334,19
bodymap,k20,5,14,m_21_3;f_21_4;m_21_2;f_21_1;m_21_4,0.4965713809351342,True,43,25,3,0.88,0.88,19
bodymap,k20,5,15,f_21_4;f_21_1;m_21_3;f_21_2;m_21_4,0.5312888148523913,True,42,26,3,0.9615384615384616,0.9615384615384616,19
bodymap,k20,5,16,m_21_3;f_21_2;m_21_1;m_21_4;m_21_2,0.5743793298182465,True,44,24,3,1.0,1.0416666666666667,19
bodymap,k20,5,17,m_21_2;f_21_2;m_21_4;m_21_3;f_21_1,0.5312888148523913,True,43,25,3,0.96,0.96,19
bodymap,k20,5,18,f_21_4;f_21_1;f_21_2;f_21_3;m_21_3,0.4882692534035651,True,41,27,3,0.8518518518518519,0.8518518518518519,19
bodymap,k20,5,19,m_21_4;f_21_1;f_21_4;m_21_1;f_21_3,0.5236813387880135,True,42,26,3,0.9230769230769231,0.9230769230769231,19
gtex,k20,3,0,GTEX-15DZA;GTEX-113JC;GTEX-ZLV1,inf,False,6,2479,859,1.0,19.0,19
gtex,k20,3,1,GTEX-1HSKV;GTEX-1GMR3;GTEX-13OVH,0.9393456167241216,True,9,2476,859,0.8776252019386107,2.724151857835218,19
gtex,k20,3,2,GTEX-18464;GTEX-139T6;GTEX-147JS,inf,False,8,2477,859,1.0,19.0,19
gtex,k20,3,3,GTEX-15SB6;GTEX-1EN7A;GTEX-1JMLX,inf,False,8,2477,859,1.0,19.0,19
gtex,k20,3,4,GTEX-12WSL;GTEX-1PPGY;GTEX-XPT6,inf,False,4,2481,859,1.0,19.0,19
gtex,k20,3,5,GTEX-1LVAM;GTEX-1CAMS;GTEX-S4Z8,inf,False,8,2477,859,1.0,19.0,19
gtex,k20,3,6,GTEX-ZDXO;GTEX-11PRG;GTEX-11GSO,inf,False,6,2479,859,1.0,19.0,19
gtex,k20,3,7,GTEX-15ER7;GTEX-1PDJ9;GTEX-13FLW,0.981532823161462,True,13,2472,859,0.9688511326860841,7.352750809061488,19
gtex,k20,3,8,GTEX-13N1W;GTEX-139T8;GTEX-ZYY3,0.9770764634545616,True,9,2476,859,0.9559773828756059,6.334006462035541,19
gtex,k20,3,9,GTEX-S4P3;GTEX-11GSP;GTEX-X88G,0.9938424735687272,True,13,2472,859,1.0,12.119336569579287,19
gtex,k20,3,10,GTEX-16MT8;GTEX-15SDE;GTEX-1EU9M,0.9864639352408994,True,10,2475,859,0.9846464646464647,8.751515151515152,19
gtex,k20,3,11,GTEX-YB5K;GTEX-1399R;GTEX-17F97,0.955109575091128,True,14,2471,859,0.9065155807365439,3.660461351679482,19
gtex,k20,3,12,GTEX-111CU;GTEX-Q2AG;GTEX-QLQW,0.7931179605207677,True,11,2474,859,0.7316087308003234,1.0319320937752627,19
gtex,k20,3,13,GTEX-15SKB;GTEX-WFJO;GTEX-139TU,inf,False,4,2481,859,1.0,19.0,19
gtex,k20,3,14,GTEX-13NZ8;GTEX-131XF;GTEX-ZAB4,0.9779090321249752,True,15,2470,859,0.9582995951417004,6.5012145748987855,19
gtex,k20,3,15,GTEX-18A6Q;GTEX-1CAMR;GTEX-147GR,0.9724395828048495,True,10,2475,859,0.945050505050505,5.586666666666667,19
gtex,k20,3,16,GTEX-13OW7;GTEX-1LBAC;GTEX-1399R,0.8798678464603676,True,11,2474,859,0.7894098625707356,1.495957962813258,19
gtex,k20,3,17,GTEX-15RIF;GTEX-ZAK1;GTEX-13JVG,inf,False,7,2478,859,1.0,19.0,19
gtex,k20,3,18,GTEX-1192X;GTEX-XV7Q;GTEX-11OF3,0.981628559055876,True,10,2475,859,0.9701010101010101,7.374545454545455,19
gtex,k20,3,19,GTEX-1R9PO;GTEX-1C6VR;GTEX-1B97I,inf,False,8,2477,859,1.0,19.0,19
gtex,k20,5,0,GTEX-1GN1U;GTEX-1JK1U;GTEX-1AX8Z;GTEX-WWYW;GTEX-ZPU1,0.9724586424065952,True,20,2465,857,0.9456389452332657,5.591886409736309,19
gtex,k20,5,1,GTEX-W5X1;GTEX-QMR6;GTEX-TKQ1;GTEX-16A39;GTEX-1R9K4,0.9558099622281798,True,9,2476,857,0.9083198707592892,3.7088045234248788,19
gtex,k20,5,2,GTEX-1ICLZ;GTEX-1HGF4;GTEX-13CF3;GTEX-PX3G;GTEX-1GZ2Q,0.9694425335240896,True,20,2465,857,0.9371196754563894,5.198377281947262,19
gtex,k20,5,3,GTEX-1211K;GTEX-Y8LW;GTEX-11EM3;GTEX-11EQ9;GTEX-1S5ZU,0.9931087054846596,True,13,2472,857,0.9991909385113269,11.678398058252426,19
gtex,k20,5,4,GTEX-R53T;GTEX-ZYVF;GTEX-QEL4;GTEX-XAJ8;GTEX-14PK6,0.9690516937085104,True,14,2471,857,0.9356535815459328,5.146904087414002,19
gtex,k20,5,5,GTEX-1I1GV;GTEX-13SLX;GTEX-YBZK;GTEX-ZYVF;GTEX-1211K,0.9928733701600578,True,14,2471,857,0.9975718332658843,11.536220153783892,19
gtex,k20,5,6,GTEX-13OVL;GTEX-13FHO;GTEX-13FLV;GTEX-11ONC;GTEX-169BO,0.6843344255947887,True,13,2472,857,0.6678802588996764,0.8122977346278317,19
gtex,k20,5,7,GTEX-1F6RS;GTEX-13VXU;GTEX-14753;GTEX-13NZ8;GTEX-X8HC,0.9855890639228656,True,11,2474,857,0.9818108326596605,8.457154405820534,19
gtex,k20,5,8,GTEX-X4XX;GTEX-Y111;GTEX-W5X1;GTEX-1497J;GTEX-111YS,0.9716616734090652,True,15,2470,857,0.9433198380566802,5.481376518218624,19
gtex,k20,5,9,GTEX-P4QS;GTEX-1EU9M;GTEX-1HB9E;GTEX-11TUW;GTEX-XBEW,0.9561754752777776,True,23,2462,857,0.9098294069861901,3.7562956945572705,19
gtex,k20,5,10,GTEX-OXRN;GTEX-Y8E5;GTEX-13JVG;GTEX-1OJC4;GTEX-QVJO,0.9793064760326932,True,14,2471,857,0.9611493322541481,6.794819910967219,19
gtex,k20,5,11,GTEX-QESD;GTEX-X88G;GTEX-PWN1;GTEX-ZVZQ;GTEX-1CAMQ,0.9829433112632155,True,12,2473,857,0.9757379700768297,7.695107157298827,19
gtex,k20,5,12,GTEX-145MI;GTEX-NPJ7;GTEX-1LGOU;GTEX-1JMPZ;GTEX-1I1HK,0.9877246843531574,True,17,2468,857,0.9874392220421394,9.194084278768234,19
gtex,k20,5,13,GTEX-XAJ8;GTEX-13VXU;GTEX-1399T;GTEX-R55G;GTEX-13O3O,0.9883516170495118,True,18,2467,857,0.9890555330360762,9.459262261856505,19
gtex,k20,5,14,GTEX-ZY6K;GTEX-QDT8;GTEX-1IY9M;GTEX-14C39;GTEX-U4B1,0.985196439332946,True,15,2470,857,0.9813765182186235,8.369635627530364,19
gtex,k20,5,15,GTEX-1RAZR;GTEX-13FXS;GTEX-1IDFM;GTEX-1HBPH;GTEX-1GF9W,0.9716283221446158,True,13,2472,857,0.9429611650485437,5.485436893203883,19
gtex,k20,5,16,GTEX-OHPL;GTEX-1GF9W;GTEX-YFC4;GTEX-XV7Q;GTEX-16AAH,0.9739209291917272,True,19,2466,857,0.9476885644768857,5.829278183292782,19
gtex,k20,5,17,GTEX-XMD1;GTEX-15RJ7;GTEX-13OW6;GTEX-S33H;GTEX-131XH,0.8667390886212957,True,20,2465,857,0.7764705882352941,1.3740365111561865,19
gtex,k20,5,18,GTEX-1LSNM;GTEX-12WSI;GTEX-14LLW;GTEX-1J1R8;GTEX-15UF6,0.9715469772092368,True,12,2473,857,0.9421754953497776,5.468661544682572,19
gtex,k20,5,19,GTEX-17F96;GTEX-132NY;GTEX-WHPG;GTEX-PLZ6;GTEX-1F75I,0.9645099852440768,True,16,2469,857,0.9270959902794653,4.595787768327258,19
