subset,mode,organ,n,mapped,rat_classes,alpha,q,avg_set_size,frac_empty,accuracy,coverage
all_ages,within_all,Adrenal,32,True,ADRNL,0.1,0.319130684121365,0.46875,0.53125,1.0,0.46875
all_ages,within_all,Brain,32,True,CORTEX;HIPPOC;HYPOTH,0.1,0.319130684121365,0.0625,0.9375,1.0,0.0625
all_ages,within_all,Heart,32,True,HEART,0.1,0.319130684121365,0.90625,0.09375,1.0,0.90625
all_ages,within_all,Kidney,29,True,KIDNEY,0.1,0.319130684121365,0.5862068965517241,0.41379310344827586,1.0,0.5862068965517241
all_ages,within_all,Liver,32,True,LIVER,0.1,0.319130684121365,0.75,0.25,1.0,0.75
all_ages,within_all,Lung,32,True,LUNG,0.1,0.319130684121365,0.125,0.875,1.0,0.125
all_ages,within_all,Muscle,32,True,SKM-GN;SKM-VL,0.1,0.319130684121365,0.25,0.75,0.96875,0.25
all_ages,within_all,Spleen,31,True,SPLEEN,0.1,0.319130684121365,0.4838709677419355,0.5161290322580645,0.6451612903225806,0.3548387096774194
all_ages,within_all,Testes,16,True,TESTES,0.1,0.319130684121365,0.4375,0.5625,0.5,0.4375
all_ages,within_all,Thymus,32,False,,0.1,0.319130684121365,0.15625,0.84375,,
all_ages,within_all,Uterus,16,False,,0.1,0.319130684121365,0.1875,0.8125,,
all_ages,within_all,ALL_MAPPED,268,True,,0.1,0.319130684121365,0.45149253731343286,0.5485074626865671,0.9253731343283582,0.43656716417910446
all_ages,reference,Adrenal,32,True,ADRNL,0.1,0.319130684121365,0.75,0.25,1.0,0.75
all_ages,reference,Brain,32,True,CORTEX;HIPPOC;HYPOTH,0.1,0.319130684121365,0.84375,0.15625,0.96875,0.84375
all_ages,reference,Heart,32,True,HEART,0.1,0.319130684121365,0.21875,0.78125,1.0,0.21875
all_ages,reference,Kidney,29,True,KIDNEY,0.1,0.319130684121365,1.0,0.0,1.0,1.0
all_ages,reference,Liver,32,True,LIVER,0.1,0.319130684121365,0.8125,0.1875,1.0,0.8125
all_ages,reference,Lung,32,True,LUNG,0.1,0.319130684121365,0.875,0.125,0.96875,0.875
all_ages,reference,Muscle,32,True,SKM-GN;SKM-VL,0.1,0.319130684121365,0.46875,0.53125,0.96875,0.46875
all_ages,reference,Spleen,31,True,SPLEEN,0.1,0.319130684121365,0.7419354838709677,0.25806451612903225,1.0,0.7419354838709677
all_ages,reference,Testes,16,True,TESTES,0.1,0.319130684121365,0.5,0.5,0.5625,0.5
all_ages,reference,Thymus,32,False,,0.1,0.319130684121365,0.75,0.25,,
all_ages,reference,Uterus,16,False,,0.1,0.319130684121365,0.0,1.0,,
all_ages,reference,ALL_MAPPED,268,True,,0.1,0.319130684121365,0.6977611940298507,0.30223880597014924,0.9626865671641791,0.6977611940298507
all_ages,within_organ_alone,Adrenal,32,True,ADRNL,0.1,0.319130684121365,0.0625,0.9375,0.03125,0.0
all_ages,within_organ_alone,Brain,32,True,CORTEX;HIPPOC;HYPOTH,0.1,0.319130684121365,0.09375,0.90625,0.21875,0.03125
all_ages,within_organ_alone,Heart,32,True,HEART,0.1,0.319130684121365,0.09375,0.90625,0.15625,0.0
all_ages,within_organ_alone,Kidney,29,True,KIDNEY,0.1,0.319130684121365,0.13793103448275862,0.8620689655172413,0.06896551724137931,0.0
all_ages,within_organ_alone,Liver,32,True,LIVER,0.1,0.319130684121365,0.125,0.875,0.09375,0.0
all_ages,within_organ_alone,Lung,32,True,LUNG,0.1,0.319130684121365,0.03125,0.96875,0.03125,0.0
all_ages,within_organ_alone,Muscle,32,True,SKM-GN;SKM-VL,0.1,0.319130684121365,0.03125,0.96875,0.21875,0.0
all_ages,within_organ_alone,Spleen,31,True,SPLEEN,0.1,0.319130684121365,0.0967741935483871,0.9032258064516129,0.03225806451612903,0.0
all_ages,within_organ_alone,Testes,16,True,TESTES,0.1,0.319130684121365,0.0,1.0,0.0,0.0
all_ages,within_organ_alone,Thymus,32,False,,0.1,0.319130684121365,0.125,0.875,,
all_ages,within_organ_alone,Uterus,16,False,,0.1,0.319130684121365,0.0625,0.9375,,
all_ages,within_organ_alone,ALL_MAPPED,268,True,,0.1,0.319130684121365,0.07835820895522388,0.9216417910447762,0.10074626865671642,0.0037313432835820895
adult_21wk,within_all,Adrenal,8,True,ADRNL,0.1,0.319130684121365,0.625,0.375,1.0,0.625
adult_21wk,within_all,Brain,8,True,CORTEX;HIPPOC;HYPOTH,0.1,0.319130684121365,0.0,1.0,1.0,0.0
adult_21wk,within_all,Heart,8,True,HEART,0.1,0.319130684121365,1.0,0.0,1.0,1.0
adult_21wk,within_all,Kidney,8,True,KIDNEY,0.1,0.319130684121365,0.875,0.125,1.0,0.875
adult_21wk,within_all,Liver,8,True,LIVER,0.1,0.319130684121365,1.0,0.0,1.0,1.0
adult_21wk,within_all,Lung,8,True,LUNG,0.1,0.319130684121365,0.0,1.0,1.0,0.0
adult_21wk,within_all,Muscle,8,True,SKM-GN;SKM-VL,0.1,0.319130684121365,0.375,0.625,1.0,0.375
adult_21wk,within_all,Spleen,8,True,SPLEEN,0.1,0.319130684121365,0.875,0.125,1.0,0.875
adult_21wk,within_all,Testes,4,True,TESTES,0.1,0.319130684121365,1.0,0.0,1.0,1.0
adult_21wk,within_all,Thymus,8,False,,0.1,0.319130684121365,0.25,0.75,,
adult_21wk,within_all,Uterus,4,False,,0.1,0.319130684121365,0.0,1.0,,
adult_21wk,within_all,ALL_MAPPED,68,True,,0.1,0.319130684121365,0.6176470588235294,0.38235294117647056,1.0,0.6176470588235294
adult_21wk,reference,Adrenal,8,True,ADRNL,0.1,0.319130684121365,1.0,0.0,1.0,1.0
adult_21wk,reference,Brain,8,True,CORTEX;HIPPOC;HYPOTH,0.1,0.319130684121365,1.0,0.0,1.0,1.0
adult_21wk,reference,Heart,8,True,HEART,0.1,0.319130684121365,0.375,0.625,1.0,0.375
adult_21wk,reference,Kidney,8,True,KIDNEY,0.1,0.319130684121365,1.0,0.0,1.0,1.0
adult_21wk,reference,Liver,8,True,LIVER,0.1,0.319130684121365,1.0,0.0,1.0,1.0
adult_21wk,reference,Lung,8,True,LUNG,0.1,0.319130684121365,0.625,0.375,0.875,0.625
adult_21wk,reference,Muscle,8,True,SKM-GN;SKM-VL,0.1,0.319130684121365,0.75,0.25,1.0,0.75
adult_21wk,reference,Spleen,8,True,SPLEEN,0.1,0.319130684121365,1.0,0.0,1.0,1.0
adult_21wk,reference,Testes,4,True,TESTES,0.1,0.319130684121365,1.0,0.0,1.0,1.0
adult_21wk,reference,Thymus,8,False,,0.1,0.319130684121365,1.0,0.0,,
adult_21wk,reference,Uterus,4,False,,0.1,0.319130684121365,0.0,1.0,,
adult_21wk,reference,ALL_MAPPED,68,True,,0.1,0.319130684121365,0.8529411764705882,0.14705882352941177,0.9852941176470589,0.8529411764705882
adult_21wk,within_organ_alone,Adrenal,8,True,ADRNL,0.1,0.319130684121365,0.0,1.0,0.0,0.0
adult_21wk,within_organ_alone,Brain,8,True,CORTEX;HIPPOC;HYPOTH,0.1,0.319130684121365,0.0,1.0,0.125,0.0
adult_21wk,within_organ_alone,Heart,8,True,HEART,0.1,0.319130684121365,0.0,1.0,0.125,0.0
adult_21wk,within_organ_alone,Kidney,8,True,KIDNEY,0.1,0.319130684121365,0.0,1.0,0.0,0.0
adult_21wk,within_organ_alone,Liver,8,True,LIVER,0.1,0.319130684121365,0.125,0.875,0.0,0.0
adult_21wk,within_organ_alone,Lung,8,True,LUNG,0.1,0.319130684121365,0.125,0.875,0.0,0.0
adult_21wk,within_organ_alone,Muscle,8,True,SKM-GN;SKM-VL,0.1,0.319130684121365,0.0,1.0,0.125,0.0
adult_21wk,within_organ_alone,Spleen,8,True,SPLEEN,0.1,0.319130684121365,0.0,1.0,0.0,0.0
adult_21wk,within_organ_alone,Testes,4,True,TESTES,0.1,0.319130684121365,0.0,1.0,0.0,0.0
adult_21wk,within_organ_alone,Thymus,8,False,,0.1,0.319130684121365,0.0,1.0,,
adult_21wk,within_organ_alone,Uterus,4,False,,0.1,0.319130684121365,0.0,1.0,,
adult_21wk,within_organ_alone,ALL_MAPPED,68,True,,0.1,0.319130684121365,0.029411764705882353,0.9705882352941176,0.04411764705882353,0.0
